Analysis & Synthesis report for multicycle
Sat Oct 10 13:16:46 2026
Quartus Prime Version 25.1std.0 Build 1129 10/21/2025 SC Lite Edition


---------------------
; Table of Contents ;
---------------------
  1. Legal Notice
  2. Analysis & Synthesis Summary
  3. Analysis & Synthesis Settings
  4. Parallel Compilation
  5. Analysis & Synthesis Source Files Read
  6. Analysis & Synthesis Resource Usage Summary
  7. Analysis & Synthesis Resource Utilization by Entity
  8. Analysis & Synthesis RAM Summary
  9. Analysis & Synthesis DSP Block Usage Summary
 10. State Machine - |gpu|FSM:Control|state
 11. User-Specified and Inferred Latches
 12. Registers Removed During Synthesis
 13. General Register Statistics
 14. Inverted Register Statistics
 15. Multiplexer Restructuring Statistics (Restructuring Performed)
 16. Source assignments for InstructionMemory:InstructionMemory|altsyncram:altsyncram_component|altsyncram_roi1:auto_generated
 17. Source assignments for memory:M0|DataMemory:b2v_inst|altsyncram:altsyncram_component|altsyncram_4kj1:auto_generated
 18. Source assignments for memory:M1|DataMemory:b2v_inst|altsyncram:altsyncram_component|altsyncram_5kj1:auto_generated
 19. Source assignments for memory:M2|DataMemory:b2v_inst|altsyncram:altsyncram_component|altsyncram_6kj1:auto_generated
 20. Source assignments for memory:M3|DataMemory:b2v_inst|altsyncram:altsyncram_component|altsyncram_7kj1:auto_generated
 21. Parameter Settings for User Entity Instance: HEXs:HEX_display
 22. Parameter Settings for User Entity Instance: FSM:Control
 23. Parameter Settings for User Entity Instance: InstructionMemory:InstructionMemory|altsyncram:altsyncram_component
 24. Parameter Settings for User Entity Instance: memory:M0
 25. Parameter Settings for User Entity Instance: memory:M0|DataMemory:b2v_inst
 26. Parameter Settings for User Entity Instance: memory:M0|DataMemory:b2v_inst|altsyncram:altsyncram_component
 27. Parameter Settings for User Entity Instance: memory:M1
 28. Parameter Settings for User Entity Instance: memory:M1|DataMemory:b2v_inst
 29. Parameter Settings for User Entity Instance: memory:M1|DataMemory:b2v_inst|altsyncram:altsyncram_component
 30. Parameter Settings for User Entity Instance: memory:M2
 31. Parameter Settings for User Entity Instance: memory:M2|DataMemory:b2v_inst
 32. Parameter Settings for User Entity Instance: memory:M2|DataMemory:b2v_inst|altsyncram:altsyncram_component
 33. Parameter Settings for User Entity Instance: memory:M3
 34. Parameter Settings for User Entity Instance: memory:M3|DataMemory:b2v_inst
 35. Parameter Settings for User Entity Instance: memory:M3|DataMemory:b2v_inst|altsyncram:altsyncram_component
 36. Parameter Settings for User Entity Instance: sExtend:SE4
 37. Parameter Settings for User Entity Instance: zExtend:ZE3
 38. Parameter Settings for User Entity Instance: zExtend:ZE5
 39. altsyncram Parameter Settings by Entity Instance
 40. Port Connectivity Checks: "memory:M3|mux2to1_nbit:b2v_inst3"
 41. Port Connectivity Checks: "memory:M3|DataMemory:b2v_inst"
 42. Port Connectivity Checks: "memory:M3"
 43. Port Connectivity Checks: "memory:M2|mux2to1_nbit:b2v_inst3"
 44. Port Connectivity Checks: "memory:M2|DataMemory:b2v_inst"
 45. Port Connectivity Checks: "memory:M2"
 46. Port Connectivity Checks: "memory:M1|mux2to1_nbit:b2v_inst3"
 47. Port Connectivity Checks: "memory:M1|DataMemory:b2v_inst"
 48. Port Connectivity Checks: "memory:M1"
 49. Port Connectivity Checks: "memory:M0|mux2to1_nbit:b2v_inst3"
 50. Port Connectivity Checks: "memory:M0|DataMemory:b2v_inst"
 51. Port Connectivity Checks: "memory:M0"
 52. Port Connectivity Checks: "mux2to1_4bit:scalar_vector_wren_mux"
 53. Port Connectivity Checks: "mux4to1_4bit:scalar_wren_mux"
 54. Port Connectivity Checks: "mux5to1_nbit:ALU2_mux"
 55. Port Connectivity Checks: "mux2to1_2bit:R1Sel_mux"
 56. Port Connectivity Checks: "InstructionMemory:InstructionMemory"
 57. Port Connectivity Checks: "HEXs:HEX_display|HEX:decode_digits[5].decoder"
 58. Port Connectivity Checks: "HEXs:HEX_display|HEX:decode_digits[4].decoder"
 59. Post-Synthesis Netlist Statistics for Top Partition
 60. Elapsed Time Per Partition
 61. Analysis & Synthesis Messages
 62. Analysis & Synthesis Suppressed Messages



----------------
; Legal Notice ;
----------------
Copyright (C) 2025  Altera Corporation. All rights reserved.
Your use of Altera Corporation's design tools, logic functions 
and other software and tools, and any partner logic 
functions, and any output files from any of the foregoing 
(including device programming or simulation files), and any 
associated documentation or information are expressly subject 
to the terms and conditions of the Altera Program License 
Subscription Agreement, the Altera Quartus Prime License Agreement,
the Altera IP License Agreement, or other applicable license
agreement, including, without limitation, that your use is for
the sole purpose of programming logic devices manufactured by
Altera and sold by Altera or its authorized distributors.  Please
refer to the Altera Software License Subscription Agreements 
on the Quartus Prime software download page.



+-----------------------------------------------------------------------------------+
; Analysis & Synthesis Summary                                                      ;
+---------------------------------+-------------------------------------------------+
; Analysis & Synthesis Status     ; Successful - Sat Oct 10 13:16:46 2026           ;
; Quartus Prime Version           ; 25.1std.0 Build 1129 10/21/2025 SC Lite Edition ;
; Revision Name                   ; multicycle                                      ;
; Top-level Entity Name           ; gpu                                             ;
; Family                          ; Cyclone V                                       ;
; Logic utilization (in ALMs)     ; N/A                                             ;
; Total registers                 ; 866                                             ;
; Total pins                      ; 72                                              ;
; Total virtual pins              ; 0                                               ;
; Total block memory bits         ; 20,480                                          ;
; Total DSP Blocks                ; 4                                               ;
; Total HSSI RX PCSs              ; 0                                               ;
; Total HSSI PMA RX Deserializers ; 0                                               ;
; Total HSSI TX PCSs              ; 0                                               ;
; Total HSSI PMA TX Serializers   ; 0                                               ;
; Total PLLs                      ; 0                                               ;
; Total DLLs                      ; 0                                               ;
+---------------------------------+-------------------------------------------------+


+---------------------------------------------------------------------------------------------------------------------------+
; Analysis & Synthesis Settings                                                                                             ;
+---------------------------------------------------------------------------------+--------------------+--------------------+
; Option                                                                          ; Setting            ; Default Value      ;
+---------------------------------------------------------------------------------+--------------------+--------------------+
; Device                                                                          ; 5CSEMA5F31C6       ;                    ;
; Top-level entity name                                                           ; gpu                ; multicycle         ;
; Family name                                                                     ; Cyclone V          ; Cyclone V          ;
; Use smart compilation                                                           ; Off                ; Off                ;
; Enable parallel Assembler and Timing Analyzer during compilation                ; On                 ; On                 ;
; Enable compact report table                                                     ; Off                ; Off                ;
; Restructure Multiplexers                                                        ; Auto               ; Auto               ;
; MLAB Add Timing Constraints For Mixed-Port Feed-Through Mode Setting Don't Care ; Off                ; Off                ;
; Create Debugging Nodes for IP Cores                                             ; Off                ; Off                ;
; Preserve fewer node names                                                       ; On                 ; On                 ;
; Intel FPGA IP Evaluation Mode                                                   ; Enable             ; Enable             ;
; Verilog Version                                                                 ; Verilog_2001       ; Verilog_2001       ;
; VHDL Version                                                                    ; VHDL_1993          ; VHDL_1993          ;
; State Machine Processing                                                        ; Auto               ; Auto               ;
; Safe State Machine                                                              ; Off                ; Off                ;
; Extract Verilog State Machines                                                  ; On                 ; On                 ;
; Extract VHDL State Machines                                                     ; On                 ; On                 ;
; Ignore Verilog initial constructs                                               ; Off                ; Off                ;
; Iteration limit for constant Verilog loops                                      ; 5000               ; 5000               ;
; Iteration limit for non-constant Verilog loops                                  ; 250                ; 250                ;
; Add Pass-Through Logic to Inferred RAMs                                         ; On                 ; On                 ;
; Infer RAMs from Raw Logic                                                       ; On                 ; On                 ;
; Parallel Synthesis                                                              ; On                 ; On                 ;
; DSP Block Balancing                                                             ; Auto               ; Auto               ;
; NOT Gate Push-Back                                                              ; On                 ; On                 ;
; Power-Up Don't Care                                                             ; On                 ; On                 ;
; Remove Redundant Logic Cells                                                    ; Off                ; Off                ;
; Remove Duplicate Registers                                                      ; On                 ; On                 ;
; Ignore CARRY Buffers                                                            ; Off                ; Off                ;
; Ignore CASCADE Buffers                                                          ; Off                ; Off                ;
; Ignore GLOBAL Buffers                                                           ; Off                ; Off                ;
; Ignore ROW GLOBAL Buffers                                                       ; Off                ; Off                ;
; Ignore LCELL Buffers                                                            ; Off                ; Off                ;
; Ignore SOFT Buffers                                                             ; On                 ; On                 ;
; Limit AHDL Integers to 32 Bits                                                  ; Off                ; Off                ;
; Optimization Technique                                                          ; Balanced           ; Balanced           ;
; Carry Chain Length                                                              ; 70                 ; 70                 ;
; Auto Carry Chains                                                               ; On                 ; On                 ;
; Auto Open-Drain Pins                                                            ; On                 ; On                 ;
; Perform WYSIWYG Primitive Resynthesis                                           ; Off                ; Off                ;
; Auto ROM Replacement                                                            ; On                 ; On                 ;
; Auto RAM Replacement                                                            ; On                 ; On                 ;
; Auto DSP Block Replacement                                                      ; On                 ; On                 ;
; Auto Shift Register Replacement                                                 ; Auto               ; Auto               ;
; Allow Shift Register Merging across Hierarchies                                 ; Auto               ; Auto               ;
; Auto Clock Enable Replacement                                                   ; On                 ; On                 ;
; Strict RAM Replacement                                                          ; Off                ; Off                ;
; Allow Synchronous Control Signals                                               ; On                 ; On                 ;
; Force Use of Synchronous Clear Signals                                          ; Off                ; Off                ;
; Auto Resource Sharing                                                           ; Off                ; Off                ;
; Allow Any RAM Size For Recognition                                              ; Off                ; Off                ;
; Allow Any ROM Size For Recognition                                              ; Off                ; Off                ;
; Allow Any Shift Register Size For Recognition                                   ; Off                ; Off                ;
; Use LogicLock Constraints during Resource Balancing                             ; On                 ; On                 ;
; Ignore translate_off and synthesis_off directives                               ; Off                ; Off                ;
; Timing-Driven Synthesis                                                         ; On                 ; On                 ;
; Report Parameter Settings                                                       ; On                 ; On                 ;
; Report Source Assignments                                                       ; On                 ; On                 ;
; Report Connectivity Checks                                                      ; On                 ; On                 ;
; Ignore Maximum Fan-Out Assignments                                              ; Off                ; Off                ;
; Synchronization Register Chain Length                                           ; 3                  ; 3                  ;
; Power Optimization During Synthesis                                             ; Normal compilation ; Normal compilation ;
; HDL message level                                                               ; Level2             ; Level2             ;
; Suppress Register Optimization Related Messages                                 ; Off                ; Off                ;
; Number of Removed Registers Reported in Synthesis Report                        ; 5000               ; 5000               ;
; Number of Swept Nodes Reported in Synthesis Report                              ; 5000               ; 5000               ;
; Number of Inverted Registers Reported in Synthesis Report                       ; 100                ; 100                ;
; Clock MUX Protection                                                            ; On                 ; On                 ;
; Auto Gated Clock Conversion                                                     ; Off                ; Off                ;
; Block Design Naming                                                             ; Auto               ; Auto               ;
; SDC constraint protection                                                       ; Off                ; Off                ;
; Synthesis Effort                                                                ; Auto               ; Auto               ;
; Shift Register Replacement - Allow Asynchronous Clear Signal                    ; On                 ; On                 ;
; Pre-Mapping Resynthesis Optimization                                            ; Off                ; Off                ;
; Analysis & Synthesis Message Level                                              ; Medium             ; Medium             ;
; Disable Register Merging Across Hierarchies                                     ; Auto               ; Auto               ;
; Resource Aware Inference For Block RAM                                          ; On                 ; On                 ;
; Automatic Parallel Synthesis                                                    ; On                 ; On                 ;
; Partial Reconfiguration Bitstream ID                                            ; Off                ; Off                ;
+---------------------------------------------------------------------------------+--------------------+--------------------+


+------------------------------------------+
; Parallel Compilation                     ;
+----------------------------+-------------+
; Processors                 ; Number      ;
+----------------------------+-------------+
; Number detected on machine ; 16          ;
; Maximum allowed            ; 16          ;
;                            ;             ;
; Average used               ; 1.00        ;
; Maximum used               ; 16          ;
;                            ;             ;
; Usage by Processor         ; % Time Used ;
;     Processor 1            ; 100.0%      ;
;     Processor 2            ;   0.0%      ;
;     Processor 3            ;   0.0%      ;
;     Processor 4            ;   0.0%      ;
;     Processor 5            ;   0.0%      ;
;     Processor 6            ;   0.0%      ;
;     Processor 7            ;   0.0%      ;
;     Processor 8            ;   0.0%      ;
;     Processors 9-16        ;   0.0%      ;
+----------------------------+-------------+


+--------------------------------------------------------------------------------------------------------------------------------------------------------------------------------------+
; Analysis & Synthesis Source Files Read                                                                                                                                               ;
+----------------------------------+-----------------+----------------------------------------+------------------------------------------------------------------------------+---------+
; File Name with User-Entered Path ; Used in Netlist ; File Type                              ; File Name with Absolute Path                                                 ; Library ;
+----------------------------------+-----------------+----------------------------------------+------------------------------------------------------------------------------+---------+
; register_nx4bit.sv               ; yes             ; User SystemVerilog HDL File            ; C:/Users/Ted/Desktop/y4proj/fart_vs_cart/fart/register_nx4bit.sv             ;         ;
; register_nbit.sv                 ; yes             ; User SystemVerilog HDL File            ; C:/Users/Ted/Desktop/y4proj/fart_vs_cart/fart/register_nbit.sv               ;         ;
; mux5to1_nbit.sv                  ; yes             ; User SystemVerilog HDL File            ; C:/Users/Ted/Desktop/y4proj/fart_vs_cart/fart/mux5to1_nbit.sv                ;         ;
; mux4to1_nbit.sv                  ; yes             ; User SystemVerilog HDL File            ; C:/Users/Ted/Desktop/y4proj/fart_vs_cart/fart/mux4to1_nbit.sv                ;         ;
; mux4to1_4bit.sv                  ; yes             ; User SystemVerilog HDL File            ; C:/Users/Ted/Desktop/y4proj/fart_vs_cart/fart/mux4to1_4bit.sv                ;         ;
; mux2to1_nbit.sv                  ; yes             ; User SystemVerilog HDL File            ; C:/Users/Ted/Desktop/y4proj/fart_vs_cart/fart/mux2to1_nbit.sv                ;         ;
; mux2to1_4bit.sv                  ; yes             ; User SystemVerilog HDL File            ; C:/Users/Ted/Desktop/y4proj/fart_vs_cart/fart/mux2to1_4bit.sv                ;         ;
; memory.sv                        ; yes             ; User SystemVerilog HDL File            ; C:/Users/Ted/Desktop/y4proj/fart_vs_cart/fart/memory.sv                      ;         ;
; mask_reg_4b.sv                   ; yes             ; User SystemVerilog HDL File            ; C:/Users/Ted/Desktop/y4proj/fart_vs_cart/fart/mask_reg_4b.sv                 ;         ;
; InstructionMemory.sv             ; yes             ; User SystemVerilog HDL File            ; C:/Users/Ted/Desktop/y4proj/fart_vs_cart/fart/InstructionMemory.sv           ;         ;
; ALU_V.sv                         ; yes             ; User SystemVerilog HDL File            ; C:/Users/Ted/Desktop/y4proj/fart_vs_cart/fart/ALU_V.sv                       ;         ;
; params.sv                        ; yes             ; User SystemVerilog HDL File            ; C:/Users/Ted/Desktop/y4proj/fart_vs_cart/fart/params.sv                      ;         ;
; VRF.sv                           ; yes             ; User SystemVerilog HDL File            ; C:/Users/Ted/Desktop/y4proj/fart_vs_cart/fart/VRF.sv                         ;         ;
; RF.sv                            ; yes             ; User SystemVerilog HDL File            ; C:/Users/Ted/Desktop/y4proj/fart_vs_cart/fart/RF.sv                          ;         ;
; mux2to1_2bit.sv                  ; yes             ; User SystemVerilog HDL File            ; C:/Users/Ted/Desktop/y4proj/fart_vs_cart/fart/mux2to1_2bit.sv                ;         ;
; gpu.sv                           ; yes             ; User SystemVerilog HDL File            ; C:/Users/Ted/Desktop/y4proj/fart_vs_cart/fart/gpu.sv                         ;         ;
; HEX.sv                           ; yes             ; User SystemVerilog HDL File            ; C:/Users/Ted/Desktop/y4proj/fart_vs_cart/fart/HEX.sv                         ;         ;
; FSM.sv                           ; yes             ; User SystemVerilog HDL File            ; C:/Users/Ted/Desktop/y4proj/fart_vs_cart/fart/FSM.sv                         ;         ;
; extend.sv                        ; yes             ; User SystemVerilog HDL File            ; C:/Users/Ted/Desktop/y4proj/fart_vs_cart/fart/extend.sv                      ;         ;
; DataMemory.sv                    ; yes             ; User Wizard-Generated File             ; C:/Users/Ted/Desktop/y4proj/fart_vs_cart/fart/DataMemory.sv                  ;         ;
; counter.sv                       ; yes             ; User SystemVerilog HDL File            ; C:/Users/Ted/Desktop/y4proj/fart_vs_cart/fart/counter.sv                     ;         ;
; ALU.sv                           ; yes             ; User SystemVerilog HDL File            ; C:/Users/Ted/Desktop/y4proj/fart_vs_cart/fart/ALU.sv                         ;         ;
; altsyncram.tdf                   ; yes             ; Megafunction                           ; c:/altera_lite/25.1std/quartus/libraries/megafunctions/altsyncram.tdf        ;         ;
; stratix_ram_block.inc            ; yes             ; Megafunction                           ; c:/altera_lite/25.1std/quartus/libraries/megafunctions/stratix_ram_block.inc ;         ;
; lpm_mux.inc                      ; yes             ; Megafunction                           ; c:/altera_lite/25.1std/quartus/libraries/megafunctions/lpm_mux.inc           ;         ;
; lpm_decode.inc                   ; yes             ; Megafunction                           ; c:/altera_lite/25.1std/quartus/libraries/megafunctions/lpm_decode.inc        ;         ;
; aglobal251.inc                   ; yes             ; Megafunction                           ; c:/altera_lite/25.1std/quartus/libraries/megafunctions/aglobal251.inc        ;         ;
; a_rdenreg.inc                    ; yes             ; Megafunction                           ; c:/altera_lite/25.1std/quartus/libraries/megafunctions/a_rdenreg.inc         ;         ;
; altrom.inc                       ; yes             ; Megafunction                           ; c:/altera_lite/25.1std/quartus/libraries/megafunctions/altrom.inc            ;         ;
; altram.inc                       ; yes             ; Megafunction                           ; c:/altera_lite/25.1std/quartus/libraries/megafunctions/altram.inc            ;         ;
; altdpram.inc                     ; yes             ; Megafunction                           ; c:/altera_lite/25.1std/quartus/libraries/megafunctions/altdpram.inc          ;         ;
; db/altsyncram_roi1.tdf           ; yes             ; Auto-Generated Megafunction            ; C:/Users/Ted/Desktop/y4proj/fart_vs_cart/fart/db/altsyncram_roi1.tdf         ;         ;
; program.mif                      ; yes             ; Auto-Found Memory Initialization File  ; C:/Users/Ted/Desktop/y4proj/fart_vs_cart/fart/program.mif                    ;         ;
; db/altsyncram_4kj1.tdf           ; yes             ; Auto-Generated Megafunction            ; C:/Users/Ted/Desktop/y4proj/fart_vs_cart/fart/db/altsyncram_4kj1.tdf         ;         ;
; data_bank0.mif                   ; yes             ; Auto-Found Memory Initialization File  ; C:/Users/Ted/Desktop/y4proj/fart_vs_cart/fart/data_bank0.mif                 ;         ;
; db/altsyncram_5kj1.tdf           ; yes             ; Auto-Generated Megafunction            ; C:/Users/Ted/Desktop/y4proj/fart_vs_cart/fart/db/altsyncram_5kj1.tdf         ;         ;
; data_bank1.mif                   ; yes             ; Auto-Found Memory Initialization File  ; C:/Users/Ted/Desktop/y4proj/fart_vs_cart/fart/data_bank1.mif                 ;         ;
; db/altsyncram_6kj1.tdf           ; yes             ; Auto-Generated Megafunction            ; C:/Users/Ted/Desktop/y4proj/fart_vs_cart/fart/db/altsyncram_6kj1.tdf         ;         ;
; data_bank2.mif                   ; yes             ; Auto-Found Memory Initialization File  ; C:/Users/Ted/Desktop/y4proj/fart_vs_cart/fart/data_bank2.mif                 ;         ;
; db/altsyncram_7kj1.tdf           ; yes             ; Auto-Generated Megafunction            ; C:/Users/Ted/Desktop/y4proj/fart_vs_cart/fart/db/altsyncram_7kj1.tdf         ;         ;
; data_bank3.mif                   ; yes             ; Auto-Found Memory Initialization File  ; C:/Users/Ted/Desktop/y4proj/fart_vs_cart/fart/data_bank3.mif                 ;         ;
+----------------------------------+-----------------+----------------------------------------+------------------------------------------------------------------------------+---------+


+---------------------------------------------------------+
; Analysis & Synthesis Resource Usage Summary             ;
+---------------------------------------------+-----------+
; Resource                                    ; Usage     ;
+---------------------------------------------+-----------+
; Estimate of Logic utilization (ALMs needed) ; 1054      ;
;                                             ;           ;
; Combinational ALUT usage for logic          ; 1342      ;
;     -- 7 input functions                    ; 2         ;
;     -- 6 input functions                    ; 688       ;
;     -- 5 input functions                    ; 161       ;
;     -- 4 input functions                    ; 60        ;
;     -- <=3 input functions                  ; 431       ;
;                                             ;           ;
; Dedicated logic registers                   ; 866       ;
;                                             ;           ;
; I/O pins                                    ; 72        ;
; Total MLAB memory bits                      ; 0         ;
; Total block memory bits                     ; 20480     ;
;                                             ;           ;
; Total DSP Blocks                            ; 4         ;
;                                             ;           ;
; Maximum fan-out node                        ; cpu_clock ;
; Maximum fan-out                             ; 928       ;
; Total fan-out                               ; 11101     ;
; Average fan-out                             ; 4.56      ;
+---------------------------------------------+-----------+


+----------------------------------------------------------------------------------------------------------------------------------------------------------------------------------------------------------------------------------------------------------------------------------------------------+
; Analysis & Synthesis Resource Utilization by Entity                                                                                                                                                                                                                                                ;
+----------------------------------------------+---------------------+---------------------------+-------------------+------------+------+--------------+---------------------------------------------------------------------------------------------------------+-------------------+--------------+
; Compilation Hierarchy Node                   ; Combinational ALUTs ; Dedicated Logic Registers ; Block Memory Bits ; DSP Blocks ; Pins ; Virtual Pins ; Full Hierarchy Name                                                                                     ; Entity Name       ; Library Name ;
+----------------------------------------------+---------------------+---------------------------+-------------------+------------+------+--------------+---------------------------------------------------------------------------------------------------------+-------------------+--------------+
; |gpu                                         ; 1342 (58)           ; 866 (21)                  ; 20480             ; 4          ; 72   ; 0            ; |gpu                                                                                                    ; gpu               ; work         ;
;    |ALU:ALU|                                 ; 95 (95)             ; 0 (0)                     ; 0                 ; 0          ; 0    ; 0            ; |gpu|ALU:ALU                                                                                            ; ALU               ; work         ;
;    |ALU_V:a0|                                ; 41 (41)             ; 0 (0)                     ; 0                 ; 1          ; 0    ; 0            ; |gpu|ALU_V:a0                                                                                           ; ALU_V             ; work         ;
;    |ALU_V:a1|                                ; 41 (41)             ; 0 (0)                     ; 0                 ; 1          ; 0    ; 0            ; |gpu|ALU_V:a1                                                                                           ; ALU_V             ; work         ;
;    |ALU_V:a2|                                ; 41 (41)             ; 0 (0)                     ; 0                 ; 1          ; 0    ; 0            ; |gpu|ALU_V:a2                                                                                           ; ALU_V             ; work         ;
;    |ALU_V:a3|                                ; 41 (41)             ; 0 (0)                     ; 0                 ; 1          ; 0    ; 0            ; |gpu|ALU_V:a3                                                                                           ; ALU_V             ; work         ;
;    |FSM:Control|                             ; 44 (44)             ; 25 (25)                   ; 0                 ; 0          ; 0    ; 0            ; |gpu|FSM:Control                                                                                        ; FSM               ; work         ;
;    |HEXs:HEX_display|                        ; 240 (212)           ; 0 (0)                     ; 0                 ; 0          ; 0    ; 0            ; |gpu|HEXs:HEX_display                                                                                   ; HEXs              ; work         ;
;       |HEX:decode_digits[0].decoder|         ; 7 (7)               ; 0 (0)                     ; 0                 ; 0          ; 0    ; 0            ; |gpu|HEXs:HEX_display|HEX:decode_digits[0].decoder                                                      ; HEX               ; work         ;
;       |HEX:decode_digits[1].decoder|         ; 7 (7)               ; 0 (0)                     ; 0                 ; 0          ; 0    ; 0            ; |gpu|HEXs:HEX_display|HEX:decode_digits[1].decoder                                                      ; HEX               ; work         ;
;       |HEX:decode_digits[2].decoder|         ; 7 (7)               ; 0 (0)                     ; 0                 ; 0          ; 0    ; 0            ; |gpu|HEXs:HEX_display|HEX:decode_digits[2].decoder                                                      ; HEX               ; work         ;
;       |HEX:decode_digits[3].decoder|         ; 7 (7)               ; 0 (0)                     ; 0                 ; 0          ; 0    ; 0            ; |gpu|HEXs:HEX_display|HEX:decode_digits[3].decoder                                                      ; HEX               ; work         ;
;    |InstructionMemory:InstructionMemory|     ; 0 (0)               ; 0 (0)                     ; 4096              ; 0          ; 0    ; 0            ; |gpu|InstructionMemory:InstructionMemory                                                                ; InstructionMemory ; work         ;
;       |altsyncram:altsyncram_component|      ; 0 (0)               ; 0 (0)                     ; 4096              ; 0          ; 0    ; 0            ; |gpu|InstructionMemory:InstructionMemory|altsyncram:altsyncram_component                                ; altsyncram        ; work         ;
;          |altsyncram_roi1:auto_generated|    ; 0 (0)               ; 0 (0)                     ; 4096              ; 0          ; 0    ; 0            ; |gpu|InstructionMemory:InstructionMemory|altsyncram:altsyncram_component|altsyncram_roi1:auto_generated ; altsyncram_roi1   ; work         ;
;    |RF:RF_block|                             ; 36 (36)             ; 64 (64)                   ; 0                 ; 0          ; 0    ; 0            ; |gpu|RF:RF_block                                                                                        ; RF                ; work         ;
;    |VRF:VRF_block|                           ; 417 (417)           ; 512 (512)                 ; 0                 ; 0          ; 0    ; 0            ; |gpu|VRF:VRF_block                                                                                      ; VRF               ; work         ;
;    |counter:counter|                         ; 17 (17)             ; 16 (16)                   ; 0                 ; 0          ; 0    ; 0            ; |gpu|counter:counter                                                                                    ; counter           ; work         ;
;    |mask_reg_4b:reg_4b|                      ; 7 (7)               ; 4 (4)                     ; 0                 ; 0          ; 0    ; 0            ; |gpu|mask_reg_4b:reg_4b                                                                                 ; mask_reg_4b       ; work         ;
;    |memory:M0|                               ; 16 (0)              ; 0 (0)                     ; 4096              ; 0          ; 0    ; 0            ; |gpu|memory:M0                                                                                          ; memory            ; work         ;
;       |DataMemory:b2v_inst|                  ; 0 (0)               ; 0 (0)                     ; 4096              ; 0          ; 0    ; 0            ; |gpu|memory:M0|DataMemory:b2v_inst                                                                      ; DataMemory        ; work         ;
;          |altsyncram:altsyncram_component|   ; 0 (0)               ; 0 (0)                     ; 4096              ; 0          ; 0    ; 0            ; |gpu|memory:M0|DataMemory:b2v_inst|altsyncram:altsyncram_component                                      ; altsyncram        ; work         ;
;             |altsyncram_4kj1:auto_generated| ; 0 (0)               ; 0 (0)                     ; 4096              ; 0          ; 0    ; 0            ; |gpu|memory:M0|DataMemory:b2v_inst|altsyncram:altsyncram_component|altsyncram_4kj1:auto_generated       ; altsyncram_4kj1   ; work         ;
;       |mux2to1_nbit:b2v_inst3|               ; 16 (16)             ; 0 (0)                     ; 0                 ; 0          ; 0    ; 0            ; |gpu|memory:M0|mux2to1_nbit:b2v_inst3                                                                   ; mux2to1_nbit      ; work         ;
;    |memory:M1|                               ; 16 (0)              ; 0 (0)                     ; 4096              ; 0          ; 0    ; 0            ; |gpu|memory:M1                                                                                          ; memory            ; work         ;
;       |DataMemory:b2v_inst|                  ; 0 (0)               ; 0 (0)                     ; 4096              ; 0          ; 0    ; 0            ; |gpu|memory:M1|DataMemory:b2v_inst                                                                      ; DataMemory        ; work         ;
;          |altsyncram:altsyncram_component|   ; 0 (0)               ; 0 (0)                     ; 4096              ; 0          ; 0    ; 0            ; |gpu|memory:M1|DataMemory:b2v_inst|altsyncram:altsyncram_component                                      ; altsyncram        ; work         ;
;             |altsyncram_5kj1:auto_generated| ; 0 (0)               ; 0 (0)                     ; 4096              ; 0          ; 0    ; 0            ; |gpu|memory:M1|DataMemory:b2v_inst|altsyncram:altsyncram_component|altsyncram_5kj1:auto_generated       ; altsyncram_5kj1   ; work         ;
;       |mux2to1_nbit:b2v_inst3|               ; 16 (16)             ; 0 (0)                     ; 0                 ; 0          ; 0    ; 0            ; |gpu|memory:M1|mux2to1_nbit:b2v_inst3                                                                   ; mux2to1_nbit      ; work         ;
;    |memory:M2|                               ; 16 (0)              ; 0 (0)                     ; 4096              ; 0          ; 0    ; 0            ; |gpu|memory:M2                                                                                          ; memory            ; work         ;
;       |DataMemory:b2v_inst|                  ; 0 (0)               ; 0 (0)                     ; 4096              ; 0          ; 0    ; 0            ; |gpu|memory:M2|DataMemory:b2v_inst                                                                      ; DataMemory        ; work         ;
;          |altsyncram:altsyncram_component|   ; 0 (0)               ; 0 (0)                     ; 4096              ; 0          ; 0    ; 0            ; |gpu|memory:M2|DataMemory:b2v_inst|altsyncram:altsyncram_component                                      ; altsyncram        ; work         ;
;             |altsyncram_6kj1:auto_generated| ; 0 (0)               ; 0 (0)                     ; 4096              ; 0          ; 0    ; 0            ; |gpu|memory:M2|DataMemory:b2v_inst|altsyncram:altsyncram_component|altsyncram_6kj1:auto_generated       ; altsyncram_6kj1   ; work         ;
;       |mux2to1_nbit:b2v_inst3|               ; 16 (16)             ; 0 (0)                     ; 0                 ; 0          ; 0    ; 0            ; |gpu|memory:M2|mux2to1_nbit:b2v_inst3                                                                   ; mux2to1_nbit      ; work         ;
;    |memory:M3|                               ; 16 (0)              ; 0 (0)                     ; 4096              ; 0          ; 0    ; 0            ; |gpu|memory:M3                                                                                          ; memory            ; work         ;
;       |DataMemory:b2v_inst|                  ; 0 (0)               ; 0 (0)                     ; 4096              ; 0          ; 0    ; 0            ; |gpu|memory:M3|DataMemory:b2v_inst                                                                      ; DataMemory        ; work         ;
;          |altsyncram:altsyncram_component|   ; 0 (0)               ; 0 (0)                     ; 4096              ; 0          ; 0    ; 0            ; |gpu|memory:M3|DataMemory:b2v_inst|altsyncram:altsyncram_component                                      ; altsyncram        ; work         ;
;             |altsyncram_7kj1:auto_generated| ; 0 (0)               ; 0 (0)                     ; 4096              ; 0          ; 0    ; 0            ; |gpu|memory:M3|DataMemory:b2v_inst|altsyncram:altsyncram_component|altsyncram_7kj1:auto_generated       ; altsyncram_7kj1   ; work         ;
;       |mux2to1_nbit:b2v_inst3|               ; 16 (16)             ; 0 (0)                     ; 0                 ; 0          ; 0    ; 0            ; |gpu|memory:M3|mux2to1_nbit:b2v_inst3                                                                   ; mux2to1_nbit      ; work         ;
;    |mux2to1_2bit:R1Sel_mux|                  ; 2 (2)               ; 0 (0)                     ; 0                 ; 0          ; 0    ; 0            ; |gpu|mux2to1_2bit:R1Sel_mux                                                                             ; mux2to1_2bit      ; work         ;
;    |mux2to1_nbit:ALU1_mux|                   ; 16 (16)             ; 0 (0)                     ; 0                 ; 0          ; 0    ; 0            ; |gpu|mux2to1_nbit:ALU1_mux                                                                              ; mux2to1_nbit      ; work         ;
;    |mux2to1_nbit:M0_in_mux|                  ; 16 (16)             ; 0 (0)                     ; 0                 ; 0          ; 0    ; 0            ; |gpu|mux2to1_nbit:M0_in_mux                                                                             ; mux2to1_nbit      ; work         ;
;    |mux2to1_nbit:M1_in_mux|                  ; 16 (16)             ; 0 (0)                     ; 0                 ; 0          ; 0    ; 0            ; |gpu|mux2to1_nbit:M1_in_mux                                                                             ; mux2to1_nbit      ; work         ;
;    |mux2to1_nbit:M2_in_mux|                  ; 16 (16)             ; 0 (0)                     ; 0                 ; 0          ; 0    ; 0            ; |gpu|mux2to1_nbit:M2_in_mux                                                                             ; mux2to1_nbit      ; work         ;
;    |mux2to1_nbit:M3_in_mux|                  ; 16 (16)             ; 0 (0)                     ; 0                 ; 0          ; 0    ; 0            ; |gpu|mux2to1_nbit:M3_in_mux                                                                             ; mux2to1_nbit      ; work         ;
;    |mux2to1_nbit:RegMux|                     ; 16 (16)             ; 0 (0)                     ; 0                 ; 0          ; 0    ; 0            ; |gpu|mux2to1_nbit:RegMux                                                                                ; mux2to1_nbit      ; work         ;
;    |mux2to1_nbit:voutSel_mux0|               ; 17 (17)             ; 0 (0)                     ; 0                 ; 0          ; 0    ; 0            ; |gpu|mux2to1_nbit:voutSel_mux0                                                                          ; mux2to1_nbit      ; work         ;
;    |mux2to1_nbit:voutSel_mux1|               ; 16 (16)             ; 0 (0)                     ; 0                 ; 0          ; 0    ; 0            ; |gpu|mux2to1_nbit:voutSel_mux1                                                                          ; mux2to1_nbit      ; work         ;
;    |mux2to1_nbit:voutSel_mux2|               ; 16 (16)             ; 0 (0)                     ; 0                 ; 0          ; 0    ; 0            ; |gpu|mux2to1_nbit:voutSel_mux2                                                                          ; mux2to1_nbit      ; work         ;
;    |mux2to1_nbit:voutSel_mux3|               ; 16 (16)             ; 0 (0)                     ; 0                 ; 0          ; 0    ; 0            ; |gpu|mux2to1_nbit:voutSel_mux3                                                                          ; mux2to1_nbit      ; work         ;
;    |mux4to1_nbit:mdr_in_mux|                 ; 16 (16)             ; 0 (0)                     ; 0                 ; 0          ; 0    ; 0            ; |gpu|mux4to1_nbit:mdr_in_mux                                                                            ; mux4to1_nbit      ; work         ;
;    |mux5to1_nbit:ALU2_mux|                   ; 20 (20)             ; 0 (0)                     ; 0                 ; 0          ; 0    ; 0            ; |gpu|mux5to1_nbit:ALU2_mux                                                                              ; mux5to1_nbit      ; work         ;
;    |register_nbit:ALUOut_reg|                ; 0 (0)               ; 16 (16)                   ; 0                 ; 0          ; 0    ; 0            ; |gpu|register_nbit:ALUOut_reg                                                                           ; register_nbit     ; work         ;
;    |register_nbit:IR_reg|                    ; 0 (0)               ; 16 (16)                   ; 0                 ; 0          ; 0    ; 0            ; |gpu|register_nbit:IR_reg                                                                               ; register_nbit     ; work         ;
;    |register_nbit:MDR_reg|                   ; 0 (0)               ; 16 (16)                   ; 0                 ; 0          ; 0    ; 0            ; |gpu|register_nbit:MDR_reg                                                                              ; register_nbit     ; work         ;
;    |register_nbit:PC|                        ; 0 (0)               ; 16 (16)                   ; 0                 ; 0          ; 0    ; 0            ; |gpu|register_nbit:PC                                                                                   ; register_nbit     ; work         ;
;    |register_nbit:R1|                        ; 0 (0)               ; 16 (16)                   ; 0                 ; 0          ; 0    ; 0            ; |gpu|register_nbit:R1                                                                                   ; register_nbit     ; work         ;
;    |register_nbit:R2|                        ; 0 (0)               ; 16 (16)                   ; 0                 ; 0          ; 0    ; 0            ; |gpu|register_nbit:R2                                                                                   ; register_nbit     ; work         ;
;    |register_nx4bit:X1|                      ; 1 (1)               ; 64 (64)                   ; 0                 ; 0          ; 0    ; 0            ; |gpu|register_nx4bit:X1                                                                                 ; register_nx4bit   ; work         ;
;    |register_nx4bit:X2|                      ; 0 (0)               ; 64 (64)                   ; 0                 ; 0          ; 0    ; 0            ; |gpu|register_nx4bit:X2                                                                                 ; register_nx4bit   ; work         ;
+----------------------------------------------+---------------------+---------------------------+-------------------+------------+------+--------------+---------------------------------------------------------------------------------------------------------+-------------------+--------------+
Note: For table entries with two numbers listed, the numbers in parentheses indicate the number of resources of the given type used by the specific entity alone. The numbers listed outside of parentheses indicate the total resources of the given type used by the specific entity and all of its sub-entities in the hierarchy.


+------------------------------------------------------------------------------------------------------------------------------------------------------------------------------------------------------------------------+
; Analysis & Synthesis RAM Summary                                                                                                                                                                                       ;
+---------------------------------------------------------------------------------------------------------------+------+-------------+--------------+--------------+--------------+--------------+------+----------------+
; Name                                                                                                          ; Type ; Mode        ; Port A Depth ; Port A Width ; Port B Depth ; Port B Width ; Size ; MIF            ;
+---------------------------------------------------------------------------------------------------------------+------+-------------+--------------+--------------+--------------+--------------+------+----------------+
; InstructionMemory:InstructionMemory|altsyncram:altsyncram_component|altsyncram_roi1:auto_generated|ALTSYNCRAM ; AUTO ; Single Port ; 256          ; 16           ; --           ; --           ; 4096 ; program.mif    ;
; memory:M0|DataMemory:b2v_inst|altsyncram:altsyncram_component|altsyncram_4kj1:auto_generated|ALTSYNCRAM       ; AUTO ; Single Port ; 256          ; 16           ; --           ; --           ; 4096 ; data_bank0.mif ;
; memory:M1|DataMemory:b2v_inst|altsyncram:altsyncram_component|altsyncram_5kj1:auto_generated|ALTSYNCRAM       ; AUTO ; Single Port ; 256          ; 16           ; --           ; --           ; 4096 ; data_bank1.mif ;
; memory:M2|DataMemory:b2v_inst|altsyncram:altsyncram_component|altsyncram_6kj1:auto_generated|ALTSYNCRAM       ; AUTO ; Single Port ; 256          ; 16           ; --           ; --           ; 4096 ; data_bank2.mif ;
; memory:M3|DataMemory:b2v_inst|altsyncram:altsyncram_component|altsyncram_7kj1:auto_generated|ALTSYNCRAM       ; AUTO ; Single Port ; 256          ; 16           ; --           ; --           ; 4096 ; data_bank3.mif ;
+---------------------------------------------------------------------------------------------------------------+------+-------------+--------------+--------------+--------------+--------------+------+----------------+


+----------------------------------------------+
; Analysis & Synthesis DSP Block Usage Summary ;
+-------------------------------+--------------+
; Statistic                     ; Number Used  ;
+-------------------------------+--------------+
; Two Independent 18x18         ; 4            ;
; Total number of DSP blocks    ; 4            ;
;                               ;              ;
; Fixed Point Signed Multiplier ; 4            ;
+-------------------------------+--------------+


Encoding Type:  One-Hot
+------------------------------------------------------------------------------------------------------------------------------------------------------------------------------------------------------------------------------------------------------------------------------------------------------------------------------------------------------------------------------------------------------------------------------------------------------------------+
; State Machine - |gpu|FSM:Control|state                                                                                                                                                                                                                                                                                                                                                                                                                           ;
+-------------------+-----------------+-----------------+-----------------+-----------------+---------------+---------------+---------------+-----------------+----------------+--------------+---------------+-------------------+--------------+-------------+--------------+----------------+---------------+---------------+--------------+--------------+--------------+----------------+----------------+--------------+----------+----------+---------------+
; Name              ; state.c2_vcmclr ; state.c3_vcmpeq ; state.c3_vcmpgt ; state.c3_vcmplt ; state.c3_vmul ; state.c3_vsub ; state.c3_vadd ; state.c3_vstore ; state.c3_vload ; state.c3_nop ; state.c3_stop ; state.c3_stop_nop ; state.c3_bnz ; state.c3_bz ; state.c3_bpz ; state.c3_store ; state.c4_load ; state.c3_load ; state.c5_ori ; state.c4_ori ; state.c3_ori ; state.c3_shift ; state.c4_asnsh ; state.c3_asn ; state.c2 ; state.c1 ; state.reset_s ;
+-------------------+-----------------+-----------------+-----------------+-----------------+---------------+---------------+---------------+-----------------+----------------+--------------+---------------+-------------------+--------------+-------------+--------------+----------------+---------------+---------------+--------------+--------------+--------------+----------------+----------------+--------------+----------+----------+---------------+
; state.reset_s     ; 0               ; 0               ; 0               ; 0               ; 0             ; 0             ; 0             ; 0               ; 0              ; 0            ; 0             ; 0                 ; 0            ; 0           ; 0            ; 0              ; 0             ; 0             ; 0            ; 0            ; 0            ; 0              ; 0              ; 0            ; 0        ; 0        ; 0             ;
; state.c1          ; 0               ; 0               ; 0               ; 0               ; 0             ; 0             ; 0             ; 0               ; 0              ; 0            ; 0             ; 0                 ; 0            ; 0           ; 0            ; 0              ; 0             ; 0             ; 0            ; 0            ; 0            ; 0              ; 0              ; 0            ; 0        ; 1        ; 1             ;
; state.c2          ; 0               ; 0               ; 0               ; 0               ; 0             ; 0             ; 0             ; 0               ; 0              ; 0            ; 0             ; 0                 ; 0            ; 0           ; 0            ; 0              ; 0             ; 0             ; 0            ; 0            ; 0            ; 0              ; 0              ; 0            ; 1        ; 0        ; 1             ;
; state.c3_asn      ; 0               ; 0               ; 0               ; 0               ; 0             ; 0             ; 0             ; 0               ; 0              ; 0            ; 0             ; 0                 ; 0            ; 0           ; 0            ; 0              ; 0             ; 0             ; 0            ; 0            ; 0            ; 0              ; 0              ; 1            ; 0        ; 0        ; 1             ;
; state.c4_asnsh    ; 0               ; 0               ; 0               ; 0               ; 0             ; 0             ; 0             ; 0               ; 0              ; 0            ; 0             ; 0                 ; 0            ; 0           ; 0            ; 0              ; 0             ; 0             ; 0            ; 0            ; 0            ; 0              ; 1              ; 0            ; 0        ; 0        ; 1             ;
; state.c3_shift    ; 0               ; 0               ; 0               ; 0               ; 0             ; 0             ; 0             ; 0               ; 0              ; 0            ; 0             ; 0                 ; 0            ; 0           ; 0            ; 0              ; 0             ; 0             ; 0            ; 0            ; 0            ; 1              ; 0              ; 0            ; 0        ; 0        ; 1             ;
; state.c3_ori      ; 0               ; 0               ; 0               ; 0               ; 0             ; 0             ; 0             ; 0               ; 0              ; 0            ; 0             ; 0                 ; 0            ; 0           ; 0            ; 0              ; 0             ; 0             ; 0            ; 0            ; 1            ; 0              ; 0              ; 0            ; 0        ; 0        ; 1             ;
; state.c4_ori      ; 0               ; 0               ; 0               ; 0               ; 0             ; 0             ; 0             ; 0               ; 0              ; 0            ; 0             ; 0                 ; 0            ; 0           ; 0            ; 0              ; 0             ; 0             ; 0            ; 1            ; 0            ; 0              ; 0              ; 0            ; 0        ; 0        ; 1             ;
; state.c5_ori      ; 0               ; 0               ; 0               ; 0               ; 0             ; 0             ; 0             ; 0               ; 0              ; 0            ; 0             ; 0                 ; 0            ; 0           ; 0            ; 0              ; 0             ; 0             ; 1            ; 0            ; 0            ; 0              ; 0              ; 0            ; 0        ; 0        ; 1             ;
; state.c3_load     ; 0               ; 0               ; 0               ; 0               ; 0             ; 0             ; 0             ; 0               ; 0              ; 0            ; 0             ; 0                 ; 0            ; 0           ; 0            ; 0              ; 0             ; 1             ; 0            ; 0            ; 0            ; 0              ; 0              ; 0            ; 0        ; 0        ; 1             ;
; state.c4_load     ; 0               ; 0               ; 0               ; 0               ; 0             ; 0             ; 0             ; 0               ; 0              ; 0            ; 0             ; 0                 ; 0            ; 0           ; 0            ; 0              ; 1             ; 0             ; 0            ; 0            ; 0            ; 0              ; 0              ; 0            ; 0        ; 0        ; 1             ;
; state.c3_store    ; 0               ; 0               ; 0               ; 0               ; 0             ; 0             ; 0             ; 0               ; 0              ; 0            ; 0             ; 0                 ; 0            ; 0           ; 0            ; 1              ; 0             ; 0             ; 0            ; 0            ; 0            ; 0              ; 0              ; 0            ; 0        ; 0        ; 1             ;
; state.c3_bpz      ; 0               ; 0               ; 0               ; 0               ; 0             ; 0             ; 0             ; 0               ; 0              ; 0            ; 0             ; 0                 ; 0            ; 0           ; 1            ; 0              ; 0             ; 0             ; 0            ; 0            ; 0            ; 0              ; 0              ; 0            ; 0        ; 0        ; 1             ;
; state.c3_bz       ; 0               ; 0               ; 0               ; 0               ; 0             ; 0             ; 0             ; 0               ; 0              ; 0            ; 0             ; 0                 ; 0            ; 1           ; 0            ; 0              ; 0             ; 0             ; 0            ; 0            ; 0            ; 0              ; 0              ; 0            ; 0        ; 0        ; 1             ;
; state.c3_bnz      ; 0               ; 0               ; 0               ; 0               ; 0             ; 0             ; 0             ; 0               ; 0              ; 0            ; 0             ; 0                 ; 1            ; 0           ; 0            ; 0              ; 0             ; 0             ; 0            ; 0            ; 0            ; 0              ; 0              ; 0            ; 0        ; 0        ; 1             ;
; state.c3_stop_nop ; 0               ; 0               ; 0               ; 0               ; 0             ; 0             ; 0             ; 0               ; 0              ; 0            ; 0             ; 1                 ; 0            ; 0           ; 0            ; 0              ; 0             ; 0             ; 0            ; 0            ; 0            ; 0              ; 0              ; 0            ; 0        ; 0        ; 1             ;
; state.c3_stop     ; 0               ; 0               ; 0               ; 0               ; 0             ; 0             ; 0             ; 0               ; 0              ; 0            ; 1             ; 0                 ; 0            ; 0           ; 0            ; 0              ; 0             ; 0             ; 0            ; 0            ; 0            ; 0              ; 0              ; 0            ; 0        ; 0        ; 1             ;
; state.c3_nop      ; 0               ; 0               ; 0               ; 0               ; 0             ; 0             ; 0             ; 0               ; 0              ; 1            ; 0             ; 0                 ; 0            ; 0           ; 0            ; 0              ; 0             ; 0             ; 0            ; 0            ; 0            ; 0              ; 0              ; 0            ; 0        ; 0        ; 1             ;
; state.c3_vload    ; 0               ; 0               ; 0               ; 0               ; 0             ; 0             ; 0             ; 0               ; 1              ; 0            ; 0             ; 0                 ; 0            ; 0           ; 0            ; 0              ; 0             ; 0             ; 0            ; 0            ; 0            ; 0              ; 0              ; 0            ; 0        ; 0        ; 1             ;
; state.c3_vstore   ; 0               ; 0               ; 0               ; 0               ; 0             ; 0             ; 0             ; 1               ; 0              ; 0            ; 0             ; 0                 ; 0            ; 0           ; 0            ; 0              ; 0             ; 0             ; 0            ; 0            ; 0            ; 0              ; 0              ; 0            ; 0        ; 0        ; 1             ;
; state.c3_vadd     ; 0               ; 0               ; 0               ; 0               ; 0             ; 0             ; 1             ; 0               ; 0              ; 0            ; 0             ; 0                 ; 0            ; 0           ; 0            ; 0              ; 0             ; 0             ; 0            ; 0            ; 0            ; 0              ; 0              ; 0            ; 0        ; 0        ; 1             ;
; state.c3_vsub     ; 0               ; 0               ; 0               ; 0               ; 0             ; 1             ; 0             ; 0               ; 0              ; 0            ; 0             ; 0                 ; 0            ; 0           ; 0            ; 0              ; 0             ; 0             ; 0            ; 0            ; 0            ; 0              ; 0              ; 0            ; 0        ; 0        ; 1             ;
; state.c3_vmul     ; 0               ; 0               ; 0               ; 0               ; 1             ; 0             ; 0             ; 0               ; 0              ; 0            ; 0             ; 0                 ; 0            ; 0           ; 0            ; 0              ; 0             ; 0             ; 0            ; 0            ; 0            ; 0              ; 0              ; 0            ; 0        ; 0        ; 1             ;
; state.c3_vcmplt   ; 0               ; 0               ; 0               ; 1               ; 0             ; 0             ; 0             ; 0               ; 0              ; 0            ; 0             ; 0                 ; 0            ; 0           ; 0            ; 0              ; 0             ; 0             ; 0            ; 0            ; 0            ; 0              ; 0              ; 0            ; 0        ; 0        ; 1             ;
; state.c3_vcmpgt   ; 0               ; 0               ; 1               ; 0               ; 0             ; 0             ; 0             ; 0               ; 0              ; 0            ; 0             ; 0                 ; 0            ; 0           ; 0            ; 0              ; 0             ; 0             ; 0            ; 0            ; 0            ; 0              ; 0              ; 0            ; 0        ; 0        ; 1             ;
; state.c3_vcmpeq   ; 0               ; 1               ; 0               ; 0               ; 0             ; 0             ; 0             ; 0               ; 0              ; 0            ; 0             ; 0                 ; 0            ; 0           ; 0            ; 0              ; 0             ; 0             ; 0            ; 0            ; 0            ; 0              ; 0              ; 0            ; 0        ; 0        ; 1             ;
; state.c2_vcmclr   ; 1               ; 0               ; 0               ; 0               ; 0             ; 0             ; 0             ; 0               ; 0              ; 0            ; 0             ; 0                 ; 0            ; 0           ; 0            ; 0              ; 0             ; 0             ; 0            ; 0            ; 0            ; 0              ; 0              ; 0            ; 0        ; 0        ; 1             ;
+-------------------+-----------------+-----------------+-----------------+-----------------+---------------+---------------+---------------+-----------------+----------------+--------------+---------------+-------------------+--------------+-------------+--------------+----------------+---------------+---------------+--------------+--------------+--------------+----------------+----------------+--------------+----------+----------+---------------+


+---------------------------------------------------------------------------------------------------+
; User-Specified and Inferred Latches                                                               ;
+----------------------------------------------------+---------------------+------------------------+
; Latch Name                                         ; Latch Enable Signal ; Free of Timing Hazards ;
+----------------------------------------------------+---------------------+------------------------+
; LEDR[4]$latch                                      ; Mux3                ; yes                    ;
; LEDR[6]$latch                                      ; Mux3                ; yes                    ;
; Number of user-specified and inferred latches = 2  ;                     ;                        ;
+----------------------------------------------------+---------------------+------------------------+
Note: All latches listed above may not be present at the end of synthesis due to various synthesis optimizations.


+------------------------------------------------------------+
; Registers Removed During Synthesis                         ;
+---------------------------------------+--------------------+
; Register name                         ; Reason for Removal ;
+---------------------------------------+--------------------+
; FSM:Control|state.reset_s             ; Lost fanout        ;
; FSM:Control|state.c3_nop              ; Lost fanout        ;
; FSM:Control|state~5                   ; Lost fanout        ;
; FSM:Control|state~6                   ; Lost fanout        ;
; FSM:Control|state~7                   ; Lost fanout        ;
; FSM:Control|state~8                   ; Lost fanout        ;
; FSM:Control|state~9                   ; Lost fanout        ;
; FSM:Control|state~10                  ; Lost fanout        ;
; Total Number of Removed Registers = 8 ;                    ;
+---------------------------------------+--------------------+


+------------------------------------------------------+
; General Register Statistics                          ;
+----------------------------------------------+-------+
; Statistic                                    ; Value ;
+----------------------------------------------+-------+
; Total registers                              ; 866   ;
; Number of registers using Synchronous Clear  ; 34    ;
; Number of registers using Synchronous Load   ; 33    ;
; Number of registers using Asynchronous Clear ; 850   ;
; Number of registers using Asynchronous Load  ; 0     ;
; Number of registers using Clock Enable       ; 821   ;
; Number of registers using Preset             ; 0     ;
+----------------------------------------------+-------+


+--------------------------------------------------+
; Inverted Register Statistics                     ;
+----------------------------------------+---------+
; Inverted Register                      ; Fan out ;
+----------------------------------------+---------+
; mask_reg_4b:reg_4b|q[0]                ; 8       ;
; mask_reg_4b:reg_4b|q[2]                ; 8       ;
; mask_reg_4b:reg_4b|q[1]                ; 8       ;
; mask_reg_4b:reg_4b|q[3]                ; 8       ;
; Total number of inverted registers = 4 ;         ;
+----------------------------------------+---------+


+---------------------------------------------------------------------------------------------------------------------------------------------------------+
; Multiplexer Restructuring Statistics (Restructuring Performed)                                                                                          ;
+--------------------+-----------+---------------+----------------------+------------------------+------------+-------------------------------------------+
; Multiplexer Inputs ; Bus Width ; Baseline Area ; Area if Restructured ; Saving if Restructured ; Registered ; Example Multiplexer Output                ;
+--------------------+-----------+---------------+----------------------+------------------------+------------+-------------------------------------------+
; 3:1                ; 16 bits   ; 32 LEs        ; 0 LEs                ; 32 LEs                 ; Yes        ; |gpu|counter:counter|counterOut[7]        ;
; 4:1                ; 16 bits   ; 32 LEs        ; 32 LEs               ; 0 LEs                  ; Yes        ; |gpu|register_nbit:R1|q[12]               ;
; 4:1                ; 16 bits   ; 32 LEs        ; 32 LEs               ; 0 LEs                  ; Yes        ; |gpu|register_nbit:MDR_reg|q[0]           ;
; 4:1                ; 16 bits   ; 32 LEs        ; 32 LEs               ; 0 LEs                  ; Yes        ; |gpu|register_nbit:R2|q[0]                ;
; 8:1                ; 64 bits   ; 320 LEs       ; 320 LEs              ; 0 LEs                  ; Yes        ; |gpu|register_nx4bit:X2|q_2[3]            ;
; 8:1                ; 64 bits   ; 320 LEs       ; 320 LEs              ; 0 LEs                  ; Yes        ; |gpu|register_nx4bit:X1|q_1[10]           ;
; 10:1               ; 4 bits    ; 24 LEs        ; 20 LEs               ; 4 LEs                  ; Yes        ; |gpu|mask_reg_4b:reg_4b|q[1]              ;
; 3:1                ; 2 bits    ; 4 LEs         ; 2 LEs                ; 2 LEs                  ; No         ; |gpu|Mux2                                 ;
; 4:1                ; 3 bits    ; 6 LEs         ; 6 LEs                ; 0 LEs                  ; No         ; |gpu|Mux4                                 ;
; 4:1                ; 3 bits    ; 6 LEs         ; 6 LEs                ; 0 LEs                  ; No         ; |gpu|Mux3                                 ;
; 3:1                ; 3 bits    ; 6 LEs         ; 6 LEs                ; 0 LEs                  ; No         ; |gpu|FSM:Control|state                    ;
; 3:1                ; 2 bits    ; 4 LEs         ; 4 LEs                ; 0 LEs                  ; No         ; |gpu|FSM:Control|X2Load                   ;
; 5:1                ; 3 bits    ; 9 LEs         ; 6 LEs                ; 3 LEs                  ; No         ; |gpu|mux5to1_nbit:ALU2_mux|Mux0           ;
; 9:1                ; 64 bits   ; 384 LEs       ; 192 LEs              ; 192 LEs                ; No         ; |gpu|mux2to1_nbit:voutSel_mux0|result[14] ;
; 7:1                ; 10 bits   ; 40 LEs        ; 30 LEs               ; 10 LEs                 ; No         ; |gpu|mux5to1_nbit:ALU2_mux|Mux9           ;
; 65:1               ; 16 bits   ; 688 LEs       ; 416 LEs              ; 272 LEs                ; No         ; |gpu|HEXs:HEX_display|display_value[8]    ;
; 12:1               ; 10 bits   ; 80 LEs        ; 70 LEs               ; 10 LEs                 ; No         ; |gpu|ALU:ALU|tmp_out[11]                  ;
+--------------------+-----------+---------------+----------------------+------------------------+------------+-------------------------------------------+


+---------------------------------------------------------------------------------------------------------------------------+
; Source assignments for InstructionMemory:InstructionMemory|altsyncram:altsyncram_component|altsyncram_roi1:auto_generated ;
+---------------------------------+--------------------+------+-------------------------------------------------------------+
; Assignment                      ; Value              ; From ; To                                                          ;
+---------------------------------+--------------------+------+-------------------------------------------------------------+
; OPTIMIZE_POWER_DURING_SYNTHESIS ; NORMAL_COMPILATION ; -    ; -                                                           ;
+---------------------------------+--------------------+------+-------------------------------------------------------------+


+---------------------------------------------------------------------------------------------------------------------+
; Source assignments for memory:M0|DataMemory:b2v_inst|altsyncram:altsyncram_component|altsyncram_4kj1:auto_generated ;
+---------------------------------+--------------------+------+-------------------------------------------------------+
; Assignment                      ; Value              ; From ; To                                                    ;
+---------------------------------+--------------------+------+-------------------------------------------------------+
; OPTIMIZE_POWER_DURING_SYNTHESIS ; NORMAL_COMPILATION ; -    ; -                                                     ;
+---------------------------------+--------------------+------+-------------------------------------------------------+


+---------------------------------------------------------------------------------------------------------------------+
; Source assignments for memory:M1|DataMemory:b2v_inst|altsyncram:altsyncram_component|altsyncram_5kj1:auto_generated ;
+---------------------------------+--------------------+------+-------------------------------------------------------+
; Assignment                      ; Value              ; From ; To                                                    ;
+---------------------------------+--------------------+------+-------------------------------------------------------+
; OPTIMIZE_POWER_DURING_SYNTHESIS ; NORMAL_COMPILATION ; -    ; -                                                     ;
+---------------------------------+--------------------+------+-------------------------------------------------------+


+---------------------------------------------------------------------------------------------------------------------+
; Source assignments for memory:M2|DataMemory:b2v_inst|altsyncram:altsyncram_component|altsyncram_6kj1:auto_generated ;
+---------------------------------+--------------------+------+-------------------------------------------------------+
; Assignment                      ; Value              ; From ; To                                                    ;
+---------------------------------+--------------------+------+-------------------------------------------------------+
; OPTIMIZE_POWER_DURING_SYNTHESIS ; NORMAL_COMPILATION ; -    ; -                                                     ;
+---------------------------------+--------------------+------+-------------------------------------------------------+


+---------------------------------------------------------------------------------------------------------------------+
; Source assignments for memory:M3|DataMemory:b2v_inst|altsyncram:altsyncram_component|altsyncram_7kj1:auto_generated ;
+---------------------------------+--------------------+------+-------------------------------------------------------+
; Assignment                      ; Value              ; From ; To                                                    ;
+---------------------------------+--------------------+------+-------------------------------------------------------+
; OPTIMIZE_POWER_DURING_SYNTHESIS ; NORMAL_COMPILATION ; -    ; -                                                     ;
+---------------------------------+--------------------+------+-------------------------------------------------------+


+---------------------------------------------------------------+
; Parameter Settings for User Entity Instance: HEXs:HEX_display ;
+----------------+-------+--------------------------------------+
; Parameter Name ; Value ; Type                                 ;
+----------------+-------+--------------------------------------+
; WIDTH          ; 16    ; Signed Integer                       ;
; DISPLAY_PAGE   ; 0     ; Signed Integer                       ;
+----------------+-------+--------------------------------------+
Note: In order to hide this table in the UI and the text report file, please set the "Show Parameter Settings in Synthesis Report" option in "Analysis and Synthesis Settings -> More Settings" to "Off".


+----------------------------------------------------------+
; Parameter Settings for User Entity Instance: FSM:Control ;
+----------------+--------+--------------------------------+
; Parameter Name ; Value  ; Type                           ;
+----------------+--------+--------------------------------+
; reset_s        ; 000000 ; Unsigned Binary                ;
; c1             ; 000001 ; Unsigned Binary                ;
; c2             ; 000010 ; Unsigned Binary                ;
; c3_asn         ; 000011 ; Unsigned Binary                ;
; c4_asnsh       ; 000100 ; Unsigned Binary                ;
; c3_shift       ; 000101 ; Unsigned Binary                ;
; c3_ori         ; 000110 ; Unsigned Binary                ;
; c4_ori         ; 000111 ; Unsigned Binary                ;
; c5_ori         ; 001000 ; Unsigned Binary                ;
; c3_load        ; 001001 ; Unsigned Binary                ;
; c4_load        ; 001010 ; Unsigned Binary                ;
; c3_store       ; 001011 ; Unsigned Binary                ;
; c3_bpz         ; 001100 ; Unsigned Binary                ;
; c3_bz          ; 001101 ; Unsigned Binary                ;
; c3_bnz         ; 001110 ; Unsigned Binary                ;
; c3_stop_nop    ; 001111 ; Unsigned Binary                ;
; c3_stop        ; 010000 ; Unsigned Binary                ;
; c3_nop         ; 010001 ; Unsigned Binary                ;
; c3_vload       ; 010010 ; Unsigned Binary                ;
; c3_vstore      ; 010011 ; Unsigned Binary                ;
; c3_vadd        ; 010100 ; Unsigned Binary                ;
; c3_vsub        ; 010101 ; Unsigned Binary                ;
; c3_vmul        ; 010110 ; Unsigned Binary                ;
; c3_vcmplt      ; 010111 ; Unsigned Binary                ;
; c3_vcmpgt      ; 011000 ; Unsigned Binary                ;
; c3_vcmpeq      ; 011001 ; Unsigned Binary                ;
; c2_vcmclr      ; 011010 ; Unsigned Binary                ;
+----------------+--------+--------------------------------+
Note: In order to hide this table in the UI and the text report file, please set the "Show Parameter Settings in Synthesis Report" option in "Analysis and Synthesis Settings -> More Settings" to "Off".


+------------------------------------------------------------------------------------------------------------------+
; Parameter Settings for User Entity Instance: InstructionMemory:InstructionMemory|altsyncram:altsyncram_component ;
+------------------------------------+----------------------+------------------------------------------------------+
; Parameter Name                     ; Value                ; Type                                                 ;
+------------------------------------+----------------------+------------------------------------------------------+
; BYTE_SIZE_BLOCK                    ; 8                    ; Untyped                                              ;
; AUTO_CARRY_CHAINS                  ; ON                   ; AUTO_CARRY                                           ;
; IGNORE_CARRY_BUFFERS               ; OFF                  ; IGNORE_CARRY                                         ;
; AUTO_CASCADE_CHAINS                ; ON                   ; AUTO_CASCADE                                         ;
; IGNORE_CASCADE_BUFFERS             ; OFF                  ; IGNORE_CASCADE                                       ;
; WIDTH_BYTEENA                      ; 1                    ; Untyped                                              ;
; OPERATION_MODE                     ; SINGLE_PORT          ; Untyped                                              ;
; WIDTH_A                            ; 16                   ; Signed Integer                                       ;
; WIDTHAD_A                          ; 8                    ; Signed Integer                                       ;
; NUMWORDS_A                         ; 256                  ; Signed Integer                                       ;
; OUTDATA_REG_A                      ; UNREGISTERED         ; Untyped                                              ;
; ADDRESS_ACLR_A                     ; NONE                 ; Untyped                                              ;
; OUTDATA_ACLR_A                     ; NONE                 ; Untyped                                              ;
; WRCONTROL_ACLR_A                   ; NONE                 ; Untyped                                              ;
; INDATA_ACLR_A                      ; NONE                 ; Untyped                                              ;
; BYTEENA_ACLR_A                     ; NONE                 ; Untyped                                              ;
; WIDTH_B                            ; 1                    ; Untyped                                              ;
; WIDTHAD_B                          ; 1                    ; Untyped                                              ;
; NUMWORDS_B                         ; 1                    ; Untyped                                              ;
; INDATA_REG_B                       ; CLOCK1               ; Untyped                                              ;
; WRCONTROL_WRADDRESS_REG_B          ; CLOCK1               ; Untyped                                              ;
; RDCONTROL_REG_B                    ; CLOCK1               ; Untyped                                              ;
; ADDRESS_REG_B                      ; CLOCK1               ; Untyped                                              ;
; OUTDATA_REG_B                      ; UNREGISTERED         ; Untyped                                              ;
; BYTEENA_REG_B                      ; CLOCK1               ; Untyped                                              ;
; INDATA_ACLR_B                      ; NONE                 ; Untyped                                              ;
; WRCONTROL_ACLR_B                   ; NONE                 ; Untyped                                              ;
; ADDRESS_ACLR_B                     ; NONE                 ; Untyped                                              ;
; OUTDATA_ACLR_B                     ; NONE                 ; Untyped                                              ;
; RDCONTROL_ACLR_B                   ; NONE                 ; Untyped                                              ;
; BYTEENA_ACLR_B                     ; NONE                 ; Untyped                                              ;
; WIDTH_BYTEENA_A                    ; 1                    ; Signed Integer                                       ;
; WIDTH_BYTEENA_B                    ; 1                    ; Untyped                                              ;
; RAM_BLOCK_TYPE                     ; AUTO                 ; Untyped                                              ;
; BYTE_SIZE                          ; 8                    ; Untyped                                              ;
; READ_DURING_WRITE_MODE_MIXED_PORTS ; DONT_CARE            ; Untyped                                              ;
; READ_DURING_WRITE_MODE_PORT_A      ; NEW_DATA_NO_NBE_READ ; Untyped                                              ;
; READ_DURING_WRITE_MODE_PORT_B      ; NEW_DATA_NO_NBE_READ ; Untyped                                              ;
; INIT_FILE                          ; program.mif          ; Untyped                                              ;
; INIT_FILE_LAYOUT                   ; PORT_A               ; Untyped                                              ;
; MAXIMUM_DEPTH                      ; 0                    ; Untyped                                              ;
; CLOCK_ENABLE_INPUT_A               ; BYPASS               ; Untyped                                              ;
; CLOCK_ENABLE_INPUT_B               ; NORMAL               ; Untyped                                              ;
; CLOCK_ENABLE_OUTPUT_A              ; BYPASS               ; Untyped                                              ;
; CLOCK_ENABLE_OUTPUT_B              ; NORMAL               ; Untyped                                              ;
; CLOCK_ENABLE_CORE_A                ; USE_INPUT_CLKEN      ; Untyped                                              ;
; CLOCK_ENABLE_CORE_B                ; USE_INPUT_CLKEN      ; Untyped                                              ;
; ENABLE_ECC                         ; FALSE                ; Untyped                                              ;
; ECC_PIPELINE_STAGE_ENABLED         ; FALSE                ; Untyped                                              ;
; WIDTH_ECCSTATUS                    ; 3                    ; Untyped                                              ;
; DEVICE_FAMILY                      ; Cyclone V            ; Untyped                                              ;
; CBXI_PARAMETER                     ; altsyncram_roi1      ; Untyped                                              ;
+------------------------------------+----------------------+------------------------------------------------------+
Note: In order to hide this table in the UI and the text report file, please set the "Show Parameter Settings in Synthesis Report" option in "Analysis and Synthesis Settings -> More Settings" to "Off".


+--------------------------------------------------------+
; Parameter Settings for User Entity Instance: memory:M0 ;
+----------------+----------------+----------------------+
; Parameter Name ; Value          ; Type                 ;
+----------------+----------------+----------------------+
; INIT_FILE      ; data_bank0.mif ; String               ;
+----------------+----------------+----------------------+
Note: In order to hide this table in the UI and the text report file, please set the "Show Parameter Settings in Synthesis Report" option in "Analysis and Synthesis Settings -> More Settings" to "Off".


+----------------------------------------------------------------------------+
; Parameter Settings for User Entity Instance: memory:M0|DataMemory:b2v_inst ;
+----------------+----------------+------------------------------------------+
; Parameter Name ; Value          ; Type                                     ;
+----------------+----------------+------------------------------------------+
; INIT_FILE      ; data_bank0.mif ; String                                   ;
+----------------+----------------+------------------------------------------+
Note: In order to hide this table in the UI and the text report file, please set the "Show Parameter Settings in Synthesis Report" option in "Analysis and Synthesis Settings -> More Settings" to "Off".


+------------------------------------------------------------------------------------------------------------+
; Parameter Settings for User Entity Instance: memory:M0|DataMemory:b2v_inst|altsyncram:altsyncram_component ;
+------------------------------------+----------------------+------------------------------------------------+
; Parameter Name                     ; Value                ; Type                                           ;
+------------------------------------+----------------------+------------------------------------------------+
; BYTE_SIZE_BLOCK                    ; 8                    ; Untyped                                        ;
; AUTO_CARRY_CHAINS                  ; ON                   ; AUTO_CARRY                                     ;
; IGNORE_CARRY_BUFFERS               ; OFF                  ; IGNORE_CARRY                                   ;
; AUTO_CASCADE_CHAINS                ; ON                   ; AUTO_CASCADE                                   ;
; IGNORE_CASCADE_BUFFERS             ; OFF                  ; IGNORE_CASCADE                                 ;
; WIDTH_BYTEENA                      ; 1                    ; Untyped                                        ;
; OPERATION_MODE                     ; SINGLE_PORT          ; Untyped                                        ;
; WIDTH_A                            ; 16                   ; Signed Integer                                 ;
; WIDTHAD_A                          ; 8                    ; Signed Integer                                 ;
; NUMWORDS_A                         ; 256                  ; Signed Integer                                 ;
; OUTDATA_REG_A                      ; UNREGISTERED         ; Untyped                                        ;
; ADDRESS_ACLR_A                     ; NONE                 ; Untyped                                        ;
; OUTDATA_ACLR_A                     ; NONE                 ; Untyped                                        ;
; WRCONTROL_ACLR_A                   ; NONE                 ; Untyped                                        ;
; INDATA_ACLR_A                      ; NONE                 ; Untyped                                        ;
; BYTEENA_ACLR_A                     ; NONE                 ; Untyped                                        ;
; WIDTH_B                            ; 1                    ; Untyped                                        ;
; WIDTHAD_B                          ; 1                    ; Untyped                                        ;
; NUMWORDS_B                         ; 1                    ; Untyped                                        ;
; INDATA_REG_B                       ; CLOCK1               ; Untyped                                        ;
; WRCONTROL_WRADDRESS_REG_B          ; CLOCK1               ; Untyped                                        ;
; RDCONTROL_REG_B                    ; CLOCK1               ; Untyped                                        ;
; ADDRESS_REG_B                      ; CLOCK1               ; Untyped                                        ;
; OUTDATA_REG_B                      ; UNREGISTERED         ; Untyped                                        ;
; BYTEENA_REG_B                      ; CLOCK1               ; Untyped                                        ;
; INDATA_ACLR_B                      ; NONE                 ; Untyped                                        ;
; WRCONTROL_ACLR_B                   ; NONE                 ; Untyped                                        ;
; ADDRESS_ACLR_B                     ; NONE                 ; Untyped                                        ;
; OUTDATA_ACLR_B                     ; NONE                 ; Untyped                                        ;
; RDCONTROL_ACLR_B                   ; NONE                 ; Untyped                                        ;
; BYTEENA_ACLR_B                     ; NONE                 ; Untyped                                        ;
; WIDTH_BYTEENA_A                    ; 1                    ; Signed Integer                                 ;
; WIDTH_BYTEENA_B                    ; 1                    ; Untyped                                        ;
; RAM_BLOCK_TYPE                     ; AUTO                 ; Untyped                                        ;
; BYTE_SIZE                          ; 8                    ; Untyped                                        ;
; READ_DURING_WRITE_MODE_MIXED_PORTS ; DONT_CARE            ; Untyped                                        ;
; READ_DURING_WRITE_MODE_PORT_A      ; NEW_DATA_NO_NBE_READ ; Untyped                                        ;
; READ_DURING_WRITE_MODE_PORT_B      ; NEW_DATA_NO_NBE_READ ; Untyped                                        ;
; INIT_FILE                          ; data_bank0.mif       ; Untyped                                        ;
; INIT_FILE_LAYOUT                   ; PORT_A               ; Untyped                                        ;
; MAXIMUM_DEPTH                      ; 0                    ; Untyped                                        ;
; CLOCK_ENABLE_INPUT_A               ; BYPASS               ; Untyped                                        ;
; CLOCK_ENABLE_INPUT_B               ; NORMAL               ; Untyped                                        ;
; CLOCK_ENABLE_OUTPUT_A              ; BYPASS               ; Untyped                                        ;
; CLOCK_ENABLE_OUTPUT_B              ; NORMAL               ; Untyped                                        ;
; CLOCK_ENABLE_CORE_A                ; USE_INPUT_CLKEN      ; Untyped                                        ;
; CLOCK_ENABLE_CORE_B                ; USE_INPUT_CLKEN      ; Untyped                                        ;
; ENABLE_ECC                         ; FALSE                ; Untyped                                        ;
; ECC_PIPELINE_STAGE_ENABLED         ; FALSE                ; Untyped                                        ;
; WIDTH_ECCSTATUS                    ; 3                    ; Untyped                                        ;
; DEVICE_FAMILY                      ; Cyclone V            ; Untyped                                        ;
; CBXI_PARAMETER                     ; altsyncram_4kj1      ; Untyped                                        ;
+------------------------------------+----------------------+------------------------------------------------+
Note: In order to hide this table in the UI and the text report file, please set the "Show Parameter Settings in Synthesis Report" option in "Analysis and Synthesis Settings -> More Settings" to "Off".


+--------------------------------------------------------+
; Parameter Settings for User Entity Instance: memory:M1 ;
+----------------+----------------+----------------------+
; Parameter Name ; Value          ; Type                 ;
+----------------+----------------+----------------------+
; INIT_FILE      ; data_bank1.mif ; String               ;
+----------------+----------------+----------------------+
Note: In order to hide this table in the UI and the text report file, please set the "Show Parameter Settings in Synthesis Report" option in "Analysis and Synthesis Settings -> More Settings" to "Off".


+----------------------------------------------------------------------------+
; Parameter Settings for User Entity Instance: memory:M1|DataMemory:b2v_inst ;
+----------------+----------------+------------------------------------------+
; Parameter Name ; Value          ; Type                                     ;
+----------------+----------------+------------------------------------------+
; INIT_FILE      ; data_bank1.mif ; String                                   ;
+----------------+----------------+------------------------------------------+
Note: In order to hide this table in the UI and the text report file, please set the "Show Parameter Settings in Synthesis Report" option in "Analysis and Synthesis Settings -> More Settings" to "Off".


+------------------------------------------------------------------------------------------------------------+
; Parameter Settings for User Entity Instance: memory:M1|DataMemory:b2v_inst|altsyncram:altsyncram_component ;
+------------------------------------+----------------------+------------------------------------------------+
; Parameter Name                     ; Value                ; Type                                           ;
+------------------------------------+----------------------+------------------------------------------------+
; BYTE_SIZE_BLOCK                    ; 8                    ; Untyped                                        ;
; AUTO_CARRY_CHAINS                  ; ON                   ; AUTO_CARRY                                     ;
; IGNORE_CARRY_BUFFERS               ; OFF                  ; IGNORE_CARRY                                   ;
; AUTO_CASCADE_CHAINS                ; ON                   ; AUTO_CASCADE                                   ;
; IGNORE_CASCADE_BUFFERS             ; OFF                  ; IGNORE_CASCADE                                 ;
; WIDTH_BYTEENA                      ; 1                    ; Untyped                                        ;
; OPERATION_MODE                     ; SINGLE_PORT          ; Untyped                                        ;
; WIDTH_A                            ; 16                   ; Signed Integer                                 ;
; WIDTHAD_A                          ; 8                    ; Signed Integer                                 ;
; NUMWORDS_A                         ; 256                  ; Signed Integer                                 ;
; OUTDATA_REG_A                      ; UNREGISTERED         ; Untyped                                        ;
; ADDRESS_ACLR_A                     ; NONE                 ; Untyped                                        ;
; OUTDATA_ACLR_A                     ; NONE                 ; Untyped                                        ;
; WRCONTROL_ACLR_A                   ; NONE                 ; Untyped                                        ;
; INDATA_ACLR_A                      ; NONE                 ; Untyped                                        ;
; BYTEENA_ACLR_A                     ; NONE                 ; Untyped                                        ;
; WIDTH_B                            ; 1                    ; Untyped                                        ;
; WIDTHAD_B                          ; 1                    ; Untyped                                        ;
; NUMWORDS_B                         ; 1                    ; Untyped                                        ;
; INDATA_REG_B                       ; CLOCK1               ; Untyped                                        ;
; WRCONTROL_WRADDRESS_REG_B          ; CLOCK1               ; Untyped                                        ;
; RDCONTROL_REG_B                    ; CLOCK1               ; Untyped                                        ;
; ADDRESS_REG_B                      ; CLOCK1               ; Untyped                                        ;
; OUTDATA_REG_B                      ; UNREGISTERED         ; Untyped                                        ;
; BYTEENA_REG_B                      ; CLOCK1               ; Untyped                                        ;
; INDATA_ACLR_B                      ; NONE                 ; Untyped                                        ;
; WRCONTROL_ACLR_B                   ; NONE                 ; Untyped                                        ;
; ADDRESS_ACLR_B                     ; NONE                 ; Untyped                                        ;
; OUTDATA_ACLR_B                     ; NONE                 ; Untyped                                        ;
; RDCONTROL_ACLR_B                   ; NONE                 ; Untyped                                        ;
; BYTEENA_ACLR_B                     ; NONE                 ; Untyped                                        ;
; WIDTH_BYTEENA_A                    ; 1                    ; Signed Integer                                 ;
; WIDTH_BYTEENA_B                    ; 1                    ; Untyped                                        ;
; RAM_BLOCK_TYPE                     ; AUTO                 ; Untyped                                        ;
; BYTE_SIZE                          ; 8                    ; Untyped                                        ;
; READ_DURING_WRITE_MODE_MIXED_PORTS ; DONT_CARE            ; Untyped                                        ;
; READ_DURING_WRITE_MODE_PORT_A      ; NEW_DATA_NO_NBE_READ ; Untyped                                        ;
; READ_DURING_WRITE_MODE_PORT_B      ; NEW_DATA_NO_NBE_READ ; Untyped                                        ;
; INIT_FILE                          ; data_bank1.mif       ; Untyped                                        ;
; INIT_FILE_LAYOUT                   ; PORT_A               ; Untyped                                        ;
; MAXIMUM_DEPTH                      ; 0                    ; Untyped                                        ;
; CLOCK_ENABLE_INPUT_A               ; BYPASS               ; Untyped                                        ;
; CLOCK_ENABLE_INPUT_B               ; NORMAL               ; Untyped                                        ;
; CLOCK_ENABLE_OUTPUT_A              ; BYPASS               ; Untyped                                        ;
; CLOCK_ENABLE_OUTPUT_B              ; NORMAL               ; Untyped                                        ;
; CLOCK_ENABLE_CORE_A                ; USE_INPUT_CLKEN      ; Untyped                                        ;
; CLOCK_ENABLE_CORE_B                ; USE_INPUT_CLKEN      ; Untyped                                        ;
; ENABLE_ECC                         ; FALSE                ; Untyped                                        ;
; ECC_PIPELINE_STAGE_ENABLED         ; FALSE                ; Untyped                                        ;
; WIDTH_ECCSTATUS                    ; 3                    ; Untyped                                        ;
; DEVICE_FAMILY                      ; Cyclone V            ; Untyped                                        ;
; CBXI_PARAMETER                     ; altsyncram_5kj1      ; Untyped                                        ;
+------------------------------------+----------------------+------------------------------------------------+
Note: In order to hide this table in the UI and the text report file, please set the "Show Parameter Settings in Synthesis Report" option in "Analysis and Synthesis Settings -> More Settings" to "Off".


+--------------------------------------------------------+
; Parameter Settings for User Entity Instance: memory:M2 ;
+----------------+----------------+----------------------+
; Parameter Name ; Value          ; Type                 ;
+----------------+----------------+----------------------+
; INIT_FILE      ; data_bank2.mif ; String               ;
+----------------+----------------+----------------------+
Note: In order to hide this table in the UI and the text report file, please set the "Show Parameter Settings in Synthesis Report" option in "Analysis and Synthesis Settings -> More Settings" to "Off".


+----------------------------------------------------------------------------+
; Parameter Settings for User Entity Instance: memory:M2|DataMemory:b2v_inst ;
+----------------+----------------+------------------------------------------+
; Parameter Name ; Value          ; Type                                     ;
+----------------+----------------+------------------------------------------+
; INIT_FILE      ; data_bank2.mif ; String                                   ;
+----------------+----------------+------------------------------------------+
Note: In order to hide this table in the UI and the text report file, please set the "Show Parameter Settings in Synthesis Report" option in "Analysis and Synthesis Settings -> More Settings" to "Off".


+------------------------------------------------------------------------------------------------------------+
; Parameter Settings for User Entity Instance: memory:M2|DataMemory:b2v_inst|altsyncram:altsyncram_component ;
+------------------------------------+----------------------+------------------------------------------------+
; Parameter Name                     ; Value                ; Type                                           ;
+------------------------------------+----------------------+------------------------------------------------+
; BYTE_SIZE_BLOCK                    ; 8                    ; Untyped                                        ;
; AUTO_CARRY_CHAINS                  ; ON                   ; AUTO_CARRY                                     ;
; IGNORE_CARRY_BUFFERS               ; OFF                  ; IGNORE_CARRY                                   ;
; AUTO_CASCADE_CHAINS                ; ON                   ; AUTO_CASCADE                                   ;
; IGNORE_CASCADE_BUFFERS             ; OFF                  ; IGNORE_CASCADE                                 ;
; WIDTH_BYTEENA                      ; 1                    ; Untyped                                        ;
; OPERATION_MODE                     ; SINGLE_PORT          ; Untyped                                        ;
; WIDTH_A                            ; 16                   ; Signed Integer                                 ;
; WIDTHAD_A                          ; 8                    ; Signed Integer                                 ;
; NUMWORDS_A                         ; 256                  ; Signed Integer                                 ;
; OUTDATA_REG_A                      ; UNREGISTERED         ; Untyped                                        ;
; ADDRESS_ACLR_A                     ; NONE                 ; Untyped                                        ;
; OUTDATA_ACLR_A                     ; NONE                 ; Untyped                                        ;
; WRCONTROL_ACLR_A                   ; NONE                 ; Untyped                                        ;
; INDATA_ACLR_A                      ; NONE                 ; Untyped                                        ;
; BYTEENA_ACLR_A                     ; NONE                 ; Untyped                                        ;
; WIDTH_B                            ; 1                    ; Untyped                                        ;
; WIDTHAD_B                          ; 1                    ; Untyped                                        ;
; NUMWORDS_B                         ; 1                    ; Untyped                                        ;
; INDATA_REG_B                       ; CLOCK1               ; Untyped                                        ;
; WRCONTROL_WRADDRESS_REG_B          ; CLOCK1               ; Untyped                                        ;
; RDCONTROL_REG_B                    ; CLOCK1               ; Untyped                                        ;
; ADDRESS_REG_B                      ; CLOCK1               ; Untyped                                        ;
; OUTDATA_REG_B                      ; UNREGISTERED         ; Untyped                                        ;
; BYTEENA_REG_B                      ; CLOCK1               ; Untyped                                        ;
; INDATA_ACLR_B                      ; NONE                 ; Untyped                                        ;
; WRCONTROL_ACLR_B                   ; NONE                 ; Untyped                                        ;
; ADDRESS_ACLR_B                     ; NONE                 ; Untyped                                        ;
; OUTDATA_ACLR_B                     ; NONE                 ; Untyped                                        ;
; RDCONTROL_ACLR_B                   ; NONE                 ; Untyped                                        ;
; BYTEENA_ACLR_B                     ; NONE                 ; Untyped                                        ;
; WIDTH_BYTEENA_A                    ; 1                    ; Signed Integer                                 ;
; WIDTH_BYTEENA_B                    ; 1                    ; Untyped                                        ;
; RAM_BLOCK_TYPE                     ; AUTO                 ; Untyped                                        ;
; BYTE_SIZE                          ; 8                    ; Untyped                                        ;
; READ_DURING_WRITE_MODE_MIXED_PORTS ; DONT_CARE            ; Untyped                                        ;
; READ_DURING_WRITE_MODE_PORT_A      ; NEW_DATA_NO_NBE_READ ; Untyped                                        ;
; READ_DURING_WRITE_MODE_PORT_B      ; NEW_DATA_NO_NBE_READ ; Untyped                                        ;
; INIT_FILE                          ; data_bank2.mif       ; Untyped                                        ;
; INIT_FILE_LAYOUT                   ; PORT_A               ; Untyped                                        ;
; MAXIMUM_DEPTH                      ; 0                    ; Untyped                                        ;
; CLOCK_ENABLE_INPUT_A               ; BYPASS               ; Untyped                                        ;
; CLOCK_ENABLE_INPUT_B               ; NORMAL               ; Untyped                                        ;
; CLOCK_ENABLE_OUTPUT_A              ; BYPASS               ; Untyped                                        ;
; CLOCK_ENABLE_OUTPUT_B              ; NORMAL               ; Untyped                                        ;
; CLOCK_ENABLE_CORE_A                ; USE_INPUT_CLKEN      ; Untyped                                        ;
; CLOCK_ENABLE_CORE_B                ; USE_INPUT_CLKEN      ; Untyped                                        ;
; ENABLE_ECC                         ; FALSE                ; Untyped                                        ;
; ECC_PIPELINE_STAGE_ENABLED         ; FALSE                ; Untyped                                        ;
; WIDTH_ECCSTATUS                    ; 3                    ; Untyped                                        ;
; DEVICE_FAMILY                      ; Cyclone V            ; Untyped                                        ;
; CBXI_PARAMETER                     ; altsyncram_6kj1      ; Untyped                                        ;
+------------------------------------+----------------------+------------------------------------------------+
Note: In order to hide this table in the UI and the text report file, please set the "Show Parameter Settings in Synthesis Report" option in "Analysis and Synthesis Settings -> More Settings" to "Off".


+--------------------------------------------------------+
; Parameter Settings for User Entity Instance: memory:M3 ;
+----------------+----------------+----------------------+
; Parameter Name ; Value          ; Type                 ;
+----------------+----------------+----------------------+
; INIT_FILE      ; data_bank3.mif ; String               ;
+----------------+----------------+----------------------+
Note: In order to hide this table in the UI and the text report file, please set the "Show Parameter Settings in Synthesis Report" option in "Analysis and Synthesis Settings -> More Settings" to "Off".


+----------------------------------------------------------------------------+
; Parameter Settings for User Entity Instance: memory:M3|DataMemory:b2v_inst ;
+----------------+----------------+------------------------------------------+
; Parameter Name ; Value          ; Type                                     ;
+----------------+----------------+------------------------------------------+
; INIT_FILE      ; data_bank3.mif ; String                                   ;
+----------------+----------------+------------------------------------------+
Note: In order to hide this table in the UI and the text report file, please set the "Show Parameter Settings in Synthesis Report" option in "Analysis and Synthesis Settings -> More Settings" to "Off".


+------------------------------------------------------------------------------------------------------------+
; Parameter Settings for User Entity Instance: memory:M3|DataMemory:b2v_inst|altsyncram:altsyncram_component ;
+------------------------------------+----------------------+------------------------------------------------+
; Parameter Name                     ; Value                ; Type                                           ;
+------------------------------------+----------------------+------------------------------------------------+
; BYTE_SIZE_BLOCK                    ; 8                    ; Untyped                                        ;
; AUTO_CARRY_CHAINS                  ; ON                   ; AUTO_CARRY                                     ;
; IGNORE_CARRY_BUFFERS               ; OFF                  ; IGNORE_CARRY                                   ;
; AUTO_CASCADE_CHAINS                ; ON                   ; AUTO_CASCADE                                   ;
; IGNORE_CASCADE_BUFFERS             ; OFF                  ; IGNORE_CASCADE                                 ;
; WIDTH_BYTEENA                      ; 1                    ; Untyped                                        ;
; OPERATION_MODE                     ; SINGLE_PORT          ; Untyped                                        ;
; WIDTH_A                            ; 16                   ; Signed Integer                                 ;
; WIDTHAD_A                          ; 8                    ; Signed Integer                                 ;
; NUMWORDS_A                         ; 256                  ; Signed Integer                                 ;
; OUTDATA_REG_A                      ; UNREGISTERED         ; Untyped                                        ;
; ADDRESS_ACLR_A                     ; NONE                 ; Untyped                                        ;
; OUTDATA_ACLR_A                     ; NONE                 ; Untyped                                        ;
; WRCONTROL_ACLR_A                   ; NONE                 ; Untyped                                        ;
; INDATA_ACLR_A                      ; NONE                 ; Untyped                                        ;
; BYTEENA_ACLR_A                     ; NONE                 ; Untyped                                        ;
; WIDTH_B                            ; 1                    ; Untyped                                        ;
; WIDTHAD_B                          ; 1                    ; Untyped                                        ;
; NUMWORDS_B                         ; 1                    ; Untyped                                        ;
; INDATA_REG_B                       ; CLOCK1               ; Untyped                                        ;
; WRCONTROL_WRADDRESS_REG_B          ; CLOCK1               ; Untyped                                        ;
; RDCONTROL_REG_B                    ; CLOCK1               ; Untyped                                        ;
; ADDRESS_REG_B                      ; CLOCK1               ; Untyped                                        ;
; OUTDATA_REG_B                      ; UNREGISTERED         ; Untyped                                        ;
; BYTEENA_REG_B                      ; CLOCK1               ; Untyped                                        ;
; INDATA_ACLR_B                      ; NONE                 ; Untyped                                        ;
; WRCONTROL_ACLR_B                   ; NONE                 ; Untyped                                        ;
; ADDRESS_ACLR_B                     ; NONE                 ; Untyped                                        ;
; OUTDATA_ACLR_B                     ; NONE                 ; Untyped                                        ;
; RDCONTROL_ACLR_B                   ; NONE                 ; Untyped                                        ;
; BYTEENA_ACLR_B                     ; NONE                 ; Untyped                                        ;
; WIDTH_BYTEENA_A                    ; 1                    ; Signed Integer                                 ;
; WIDTH_BYTEENA_B                    ; 1                    ; Untyped                                        ;
; RAM_BLOCK_TYPE                     ; AUTO                 ; Untyped                                        ;
; BYTE_SIZE                          ; 8                    ; Untyped                                        ;
; READ_DURING_WRITE_MODE_MIXED_PORTS ; DONT_CARE            ; Untyped                                        ;
; READ_DURING_WRITE_MODE_PORT_A      ; NEW_DATA_NO_NBE_READ ; Untyped                                        ;
; READ_DURING_WRITE_MODE_PORT_B      ; NEW_DATA_NO_NBE_READ ; Untyped                                        ;
; INIT_FILE                          ; data_bank3.mif       ; Untyped                                        ;
; INIT_FILE_LAYOUT                   ; PORT_A               ; Untyped                                        ;
; MAXIMUM_DEPTH                      ; 0                    ; Untyped                                        ;
; CLOCK_ENABLE_INPUT_A               ; BYPASS               ; Untyped                                        ;
; CLOCK_ENABLE_INPUT_B               ; NORMAL               ; Untyped                                        ;
; CLOCK_ENABLE_OUTPUT_A              ; BYPASS               ; Untyped                                        ;
; CLOCK_ENABLE_OUTPUT_B              ; NORMAL               ; Untyped                                        ;
; CLOCK_ENABLE_CORE_A                ; USE_INPUT_CLKEN      ; Untyped                                        ;
; CLOCK_ENABLE_CORE_B                ; USE_INPUT_CLKEN      ; Untyped                                        ;
; ENABLE_ECC                         ; FALSE                ; Untyped                                        ;
; ECC_PIPELINE_STAGE_ENABLED         ; FALSE                ; Untyped                                        ;
; WIDTH_ECCSTATUS                    ; 3                    ; Untyped                                        ;
; DEVICE_FAMILY                      ; Cyclone V            ; Untyped                                        ;
; CBXI_PARAMETER                     ; altsyncram_7kj1      ; Untyped                                        ;
+------------------------------------+----------------------+------------------------------------------------+
Note: In order to hide this table in the UI and the text report file, please set the "Show Parameter Settings in Synthesis Report" option in "Analysis and Synthesis Settings -> More Settings" to "Off".


+----------------------------------------------------------+
; Parameter Settings for User Entity Instance: sExtend:SE4 ;
+----------------+-------+---------------------------------+
; Parameter Name ; Value ; Type                            ;
+----------------+-------+---------------------------------+
; n              ; 12    ; Signed Integer                  ;
+----------------+-------+---------------------------------+
Note: In order to hide this table in the UI and the text report file, please set the "Show Parameter Settings in Synthesis Report" option in "Analysis and Synthesis Settings -> More Settings" to "Off".


+----------------------------------------------------------+
; Parameter Settings for User Entity Instance: zExtend:ZE3 ;
+----------------+-------+---------------------------------+
; Parameter Name ; Value ; Type                            ;
+----------------+-------+---------------------------------+
; n              ; 11    ; Signed Integer                  ;
+----------------+-------+---------------------------------+
Note: In order to hide this table in the UI and the text report file, please set the "Show Parameter Settings in Synthesis Report" option in "Analysis and Synthesis Settings -> More Settings" to "Off".


+----------------------------------------------------------+
; Parameter Settings for User Entity Instance: zExtend:ZE5 ;
+----------------+-------+---------------------------------+
; Parameter Name ; Value ; Type                            ;
+----------------+-------+---------------------------------+
; n              ; 13    ; Signed Integer                  ;
+----------------+-------+---------------------------------+
Note: In order to hide this table in the UI and the text report file, please set the "Show Parameter Settings in Synthesis Report" option in "Analysis and Synthesis Settings -> More Settings" to "Off".


+-----------------------------------------------------------------------------------------------------------------+
; altsyncram Parameter Settings by Entity Instance                                                                ;
+-------------------------------------------+---------------------------------------------------------------------+
; Name                                      ; Value                                                               ;
+-------------------------------------------+---------------------------------------------------------------------+
; Number of entity instances                ; 5                                                                   ;
; Entity Instance                           ; InstructionMemory:InstructionMemory|altsyncram:altsyncram_component ;
;     -- OPERATION_MODE                     ; SINGLE_PORT                                                         ;
;     -- WIDTH_A                            ; 16                                                                  ;
;     -- NUMWORDS_A                         ; 256                                                                 ;
;     -- OUTDATA_REG_A                      ; UNREGISTERED                                                        ;
;     -- WIDTH_B                            ; 1                                                                   ;
;     -- NUMWORDS_B                         ; 1                                                                   ;
;     -- ADDRESS_REG_B                      ; CLOCK1                                                              ;
;     -- OUTDATA_REG_B                      ; UNREGISTERED                                                        ;
;     -- RAM_BLOCK_TYPE                     ; AUTO                                                                ;
;     -- READ_DURING_WRITE_MODE_MIXED_PORTS ; DONT_CARE                                                           ;
; Entity Instance                           ; memory:M0|DataMemory:b2v_inst|altsyncram:altsyncram_component       ;
;     -- OPERATION_MODE                     ; SINGLE_PORT                                                         ;
;     -- WIDTH_A                            ; 16                                                                  ;
;     -- NUMWORDS_A                         ; 256                                                                 ;
;     -- OUTDATA_REG_A                      ; UNREGISTERED                                                        ;
;     -- WIDTH_B                            ; 1                                                                   ;
;     -- NUMWORDS_B                         ; 1                                                                   ;
;     -- ADDRESS_REG_B                      ; CLOCK1                                                              ;
;     -- OUTDATA_REG_B                      ; UNREGISTERED                                                        ;
;     -- RAM_BLOCK_TYPE                     ; AUTO                                                                ;
;     -- READ_DURING_WRITE_MODE_MIXED_PORTS ; DONT_CARE                                                           ;
; Entity Instance                           ; memory:M1|DataMemory:b2v_inst|altsyncram:altsyncram_component       ;
;     -- OPERATION_MODE                     ; SINGLE_PORT                                                         ;
;     -- WIDTH_A                            ; 16                                                                  ;
;     -- NUMWORDS_A                         ; 256                                                                 ;
;     -- OUTDATA_REG_A                      ; UNREGISTERED                                                        ;
;     -- WIDTH_B                            ; 1                                                                   ;
;     -- NUMWORDS_B                         ; 1                                                                   ;
;     -- ADDRESS_REG_B                      ; CLOCK1                                                              ;
;     -- OUTDATA_REG_B                      ; UNREGISTERED                                                        ;
;     -- RAM_BLOCK_TYPE                     ; AUTO                                                                ;
;     -- READ_DURING_WRITE_MODE_MIXED_PORTS ; DONT_CARE                                                           ;
; Entity Instance                           ; memory:M2|DataMemory:b2v_inst|altsyncram:altsyncram_component       ;
;     -- OPERATION_MODE                     ; SINGLE_PORT                                                         ;
;     -- WIDTH_A                            ; 16                                                                  ;
;     -- NUMWORDS_A                         ; 256                                                                 ;
;     -- OUTDATA_REG_A                      ; UNREGISTERED                                                        ;
;     -- WIDTH_B                            ; 1                                                                   ;
;     -- NUMWORDS_B                         ; 1                                                                   ;
;     -- ADDRESS_REG_B                      ; CLOCK1                                                              ;
;     -- OUTDATA_REG_B                      ; UNREGISTERED                                                        ;
;     -- RAM_BLOCK_TYPE                     ; AUTO                                                                ;
;     -- READ_DURING_WRITE_MODE_MIXED_PORTS ; DONT_CARE                                                           ;
; Entity Instance                           ; memory:M3|DataMemory:b2v_inst|altsyncram:altsyncram_component       ;
;     -- OPERATION_MODE                     ; SINGLE_PORT                                                         ;
;     -- WIDTH_A                            ; 16                                                                  ;
;     -- NUMWORDS_A                         ; 256                                                                 ;
;     -- OUTDATA_REG_A                      ; UNREGISTERED                                                        ;
;     -- WIDTH_B                            ; 1                                                                   ;
;     -- NUMWORDS_B                         ; 1                                                                   ;
;     -- ADDRESS_REG_B                      ; CLOCK1                                                              ;
;     -- OUTDATA_REG_B                      ; UNREGISTERED                                                        ;
;     -- RAM_BLOCK_TYPE                     ; AUTO                                                                ;
;     -- READ_DURING_WRITE_MODE_MIXED_PORTS ; DONT_CARE                                                           ;
+-------------------------------------------+---------------------------------------------------------------------+


+--------------------------------------------------------------+
; Port Connectivity Checks: "memory:M3|mux2to1_nbit:b2v_inst3" ;
+--------+-------+----------+----------------------------------+
; Port   ; Type  ; Severity ; Details                          ;
+--------+-------+----------+----------------------------------+
; data0x ; Input ; Info     ; Stuck at GND                     ;
+--------+-------+----------+----------------------------------+


+----------------------------------------------------------------------------------------------------------------------------------------------------------------------------------------------------------------+
; Port Connectivity Checks: "memory:M3|DataMemory:b2v_inst"                                                                                                                                                      ;
+---------+-------+----------+-----------------------------------------------------------------------------------------------------------------------------------------------------------------------------------+
; Port    ; Type  ; Severity ; Details                                                                                                                                                                           ;
+---------+-------+----------+-----------------------------------------------------------------------------------------------------------------------------------------------------------------------------------+
; address ; Input ; Warning  ; Input port expression (16 bits) is wider than the input port (8 bits) it drives.  The 8 most-significant bit(s) in the expression will be dangling if they have no other fanouts. ;
+---------+-------+----------+-----------------------------------------------------------------------------------------------------------------------------------------------------------------------------------+


+----------------------------------------------------------------------------------------------------------------------------------------------------------------------------------+
; Port Connectivity Checks: "memory:M3"                                                                                                                                            ;
+---------+-------+----------+-----------------------------------------------------------------------------------------------------------------------------------------------------+
; Port    ; Type  ; Severity ; Details                                                                                                                                             ;
+---------+-------+----------+-----------------------------------------------------------------------------------------------------------------------------------------------------+
; address ; Input ; Warning  ; Input port expression (14 bits) is smaller than the input port (16 bits) it drives.  Extra input bit(s) "address[15..14]" will be connected to GND. ;
+---------+-------+----------+-----------------------------------------------------------------------------------------------------------------------------------------------------+


+--------------------------------------------------------------+
; Port Connectivity Checks: "memory:M2|mux2to1_nbit:b2v_inst3" ;
+--------+-------+----------+----------------------------------+
; Port   ; Type  ; Severity ; Details                          ;
+--------+-------+----------+----------------------------------+
; data0x ; Input ; Info     ; Stuck at GND                     ;
+--------+-------+----------+----------------------------------+


+----------------------------------------------------------------------------------------------------------------------------------------------------------------------------------------------------------------+
; Port Connectivity Checks: "memory:M2|DataMemory:b2v_inst"                                                                                                                                                      ;
+---------+-------+----------+-----------------------------------------------------------------------------------------------------------------------------------------------------------------------------------+
; Port    ; Type  ; Severity ; Details                                                                                                                                                                           ;
+---------+-------+----------+-----------------------------------------------------------------------------------------------------------------------------------------------------------------------------------+
; address ; Input ; Warning  ; Input port expression (16 bits) is wider than the input port (8 bits) it drives.  The 8 most-significant bit(s) in the expression will be dangling if they have no other fanouts. ;
+---------+-------+----------+-----------------------------------------------------------------------------------------------------------------------------------------------------------------------------------+


+----------------------------------------------------------------------------------------------------------------------------------------------------------------------------------+
; Port Connectivity Checks: "memory:M2"                                                                                                                                            ;
+---------+-------+----------+-----------------------------------------------------------------------------------------------------------------------------------------------------+
; Port    ; Type  ; Severity ; Details                                                                                                                                             ;
+---------+-------+----------+-----------------------------------------------------------------------------------------------------------------------------------------------------+
; address ; Input ; Warning  ; Input port expression (14 bits) is smaller than the input port (16 bits) it drives.  Extra input bit(s) "address[15..14]" will be connected to GND. ;
+---------+-------+----------+-----------------------------------------------------------------------------------------------------------------------------------------------------+


+--------------------------------------------------------------+
; Port Connectivity Checks: "memory:M1|mux2to1_nbit:b2v_inst3" ;
+--------+-------+----------+----------------------------------+
; Port   ; Type  ; Severity ; Details                          ;
+--------+-------+----------+----------------------------------+
; data0x ; Input ; Info     ; Stuck at GND                     ;
+--------+-------+----------+----------------------------------+


+----------------------------------------------------------------------------------------------------------------------------------------------------------------------------------------------------------------+
; Port Connectivity Checks: "memory:M1|DataMemory:b2v_inst"                                                                                                                                                      ;
+---------+-------+----------+-----------------------------------------------------------------------------------------------------------------------------------------------------------------------------------+
; Port    ; Type  ; Severity ; Details                                                                                                                                                                           ;
+---------+-------+----------+-----------------------------------------------------------------------------------------------------------------------------------------------------------------------------------+
; address ; Input ; Warning  ; Input port expression (16 bits) is wider than the input port (8 bits) it drives.  The 8 most-significant bit(s) in the expression will be dangling if they have no other fanouts. ;
+---------+-------+----------+-----------------------------------------------------------------------------------------------------------------------------------------------------------------------------------+


+----------------------------------------------------------------------------------------------------------------------------------------------------------------------------------+
; Port Connectivity Checks: "memory:M1"                                                                                                                                            ;
+---------+-------+----------+-----------------------------------------------------------------------------------------------------------------------------------------------------+
; Port    ; Type  ; Severity ; Details                                                                                                                                             ;
+---------+-------+----------+-----------------------------------------------------------------------------------------------------------------------------------------------------+
; address ; Input ; Warning  ; Input port expression (14 bits) is smaller than the input port (16 bits) it drives.  Extra input bit(s) "address[15..14]" will be connected to GND. ;
+---------+-------+----------+-----------------------------------------------------------------------------------------------------------------------------------------------------+


+--------------------------------------------------------------+
; Port Connectivity Checks: "memory:M0|mux2to1_nbit:b2v_inst3" ;
+--------+-------+----------+----------------------------------+
; Port   ; Type  ; Severity ; Details                          ;
+--------+-------+----------+----------------------------------+
; data0x ; Input ; Info     ; Stuck at GND                     ;
+--------+-------+----------+----------------------------------+


+----------------------------------------------------------------------------------------------------------------------------------------------------------------------------------------------------------------+
; Port Connectivity Checks: "memory:M0|DataMemory:b2v_inst"                                                                                                                                                      ;
+---------+-------+----------+-----------------------------------------------------------------------------------------------------------------------------------------------------------------------------------+
; Port    ; Type  ; Severity ; Details                                                                                                                                                                           ;
+---------+-------+----------+-----------------------------------------------------------------------------------------------------------------------------------------------------------------------------------+
; address ; Input ; Warning  ; Input port expression (16 bits) is wider than the input port (8 bits) it drives.  The 8 most-significant bit(s) in the expression will be dangling if they have no other fanouts. ;
+---------+-------+----------+-----------------------------------------------------------------------------------------------------------------------------------------------------------------------------------+


+----------------------------------------------------------------------------------------------------------------------------------------------------------------------------------+
; Port Connectivity Checks: "memory:M0"                                                                                                                                            ;
+---------+-------+----------+-----------------------------------------------------------------------------------------------------------------------------------------------------+
; Port    ; Type  ; Severity ; Details                                                                                                                                             ;
+---------+-------+----------+-----------------------------------------------------------------------------------------------------------------------------------------------------+
; address ; Input ; Warning  ; Input port expression (14 bits) is smaller than the input port (16 bits) it drives.  Extra input bit(s) "address[15..14]" will be connected to GND. ;
+---------+-------+----------+-----------------------------------------------------------------------------------------------------------------------------------------------------+


+-----------------------------------------------------------------+
; Port Connectivity Checks: "mux2to1_4bit:scalar_vector_wren_mux" ;
+--------+-------+----------+-------------------------------------+
; Port   ; Type  ; Severity ; Details                             ;
+--------+-------+----------+-------------------------------------+
; data1x ; Input ; Info     ; Stuck at VCC                        ;
+--------+-------+----------+-------------------------------------+


+----------------------------------------------------------+
; Port Connectivity Checks: "mux4to1_4bit:scalar_wren_mux" ;
+--------------+-------+----------+------------------------+
; Port         ; Type  ; Severity ; Details                ;
+--------------+-------+----------+------------------------+
; data0x[3..1] ; Input ; Info     ; Stuck at GND           ;
; data0x[0]    ; Input ; Info     ; Stuck at VCC           ;
; data1x[3..2] ; Input ; Info     ; Stuck at GND           ;
; data1x[1]    ; Input ; Info     ; Stuck at VCC           ;
; data1x[0]    ; Input ; Info     ; Stuck at GND           ;
; data2x[1..0] ; Input ; Info     ; Stuck at GND           ;
; data2x[3]    ; Input ; Info     ; Stuck at GND           ;
; data2x[2]    ; Input ; Info     ; Stuck at VCC           ;
; data3x[2..0] ; Input ; Info     ; Stuck at GND           ;
; data3x[3]    ; Input ; Info     ; Stuck at VCC           ;
+--------------+-------+----------+------------------------+


+---------------------------------------------------+
; Port Connectivity Checks: "mux5to1_nbit:ALU2_mux" ;
+---------------+-------+----------+----------------+
; Port          ; Type  ; Severity ; Details        ;
+---------------+-------+----------+----------------+
; data1x[15..2] ; Input ; Info     ; Stuck at GND   ;
+---------------+-------+----------+----------------+


+----------------------------------------------------+
; Port Connectivity Checks: "mux2to1_2bit:R1Sel_mux" ;
+-----------+-------+----------+---------------------+
; Port      ; Type  ; Severity ; Details             ;
+-----------+-------+----------+---------------------+
; data1x[1] ; Input ; Info     ; Stuck at GND        ;
; data1x[0] ; Input ; Info     ; Stuck at VCC        ;
+-----------+-------+----------+---------------------+


+----------------------------------------------------------------------------------------------------------------------------------------------------------------------------------------------------------------+
; Port Connectivity Checks: "InstructionMemory:InstructionMemory"                                                                                                                                                ;
+---------+-------+----------+-----------------------------------------------------------------------------------------------------------------------------------------------------------------------------------+
; Port    ; Type  ; Severity ; Details                                                                                                                                                                           ;
+---------+-------+----------+-----------------------------------------------------------------------------------------------------------------------------------------------------------------------------------+
; address ; Input ; Warning  ; Input port expression (16 bits) is wider than the input port (8 bits) it drives.  The 8 most-significant bit(s) in the expression will be dangling if they have no other fanouts. ;
+---------+-------+----------+-----------------------------------------------------------------------------------------------------------------------------------------------------------------------------------+


+----------------------------------------------------------------------------------------------------------------+
; Port Connectivity Checks: "HEXs:HEX_display|HEX:decode_digits[5].decoder"                                      ;
+------+--------+----------+-------------------------------------------------------------------------------------+
; Port ; Type   ; Severity ; Details                                                                             ;
+------+--------+----------+-------------------------------------------------------------------------------------+
; in   ; Input  ; Info     ; Stuck at GND                                                                        ;
; out  ; Output ; Info     ; Connected to dangling logic. Logic that only feeds a dangling port will be removed. ;
+------+--------+----------+-------------------------------------------------------------------------------------+


+----------------------------------------------------------------------------------------------------------------+
; Port Connectivity Checks: "HEXs:HEX_display|HEX:decode_digits[4].decoder"                                      ;
+------+--------+----------+-------------------------------------------------------------------------------------+
; Port ; Type   ; Severity ; Details                                                                             ;
+------+--------+----------+-------------------------------------------------------------------------------------+
; in   ; Input  ; Info     ; Stuck at GND                                                                        ;
; out  ; Output ; Info     ; Connected to dangling logic. Logic that only feeds a dangling port will be removed. ;
+------+--------+----------+-------------------------------------------------------------------------------------+


+-----------------------------------------------------+
; Post-Synthesis Netlist Statistics for Top Partition ;
+-----------------------+-----------------------------+
; Type                  ; Count                       ;
+-----------------------+-----------------------------+
; arriav_ff             ; 866                         ;
;     CLR               ; 27                          ;
;     CLR SCLR          ; 18                          ;
;     ENA CLR           ; 772                         ;
;     ENA CLR SLD       ; 33                          ;
;     ENA SCLR          ; 16                          ;
; arriav_lcell_comb     ; 1343                        ;
;     arith             ; 119                         ;
;         1 data inputs ; 39                          ;
;         3 data inputs ; 64                          ;
;         5 data inputs ; 16                          ;
;     extend            ; 2                           ;
;         7 data inputs ; 2                           ;
;     normal            ; 1222                        ;
;         0 data inputs ; 2                           ;
;         2 data inputs ; 15                          ;
;         3 data inputs ; 312                         ;
;         4 data inputs ; 60                          ;
;         5 data inputs ; 145                         ;
;         6 data inputs ; 688                         ;
; arriav_mac            ; 4                           ;
; boundary_port         ; 72                          ;
; stratixv_ram_block    ; 80                          ;
;                       ;                             ;
; Max LUT depth         ; 7.00                        ;
; Average LUT depth     ; 3.56                        ;
+-----------------------+-----------------------------+


+-------------------------------+
; Elapsed Time Per Partition    ;
+----------------+--------------+
; Partition Name ; Elapsed Time ;
+----------------+--------------+
; Top            ; 00:00:02     ;
+----------------+--------------+


+-------------------------------+
; Analysis & Synthesis Messages ;
+-------------------------------+
Info: *******************************************************************
Info: Running Quartus Prime Analysis & Synthesis
    Info: Version 25.1std.0 Build 1129 10/21/2025 SC Lite Edition
    Info: Processing started: Sat Oct 10 13:16:36 2026
Info: Command: quartus_map --read_settings_files=on --write_settings_files=off gpu_v0 -c multicycle
Warning (18236): Number of processors has not been specified which may cause overloading on shared machines.  Set the global assignment NUM_PARALLEL_PROCESSORS in your QSF to an appropriate value for best performance.
Info (20030): Parallel compilation is enabled and will use 16 of the 16 processors detected
Info (12021): Found 1 design units, including 1 entities, in source file register_nx4bit.sv
    Info (12023): Found entity 1: register_nx4bit File: C:/Users/Ted/Desktop/y4proj/fart_vs_cart/fart/register_nx4bit.sv Line: 7
Info (12021): Found 1 design units, including 1 entities, in source file register_nbit.sv
    Info (12023): Found entity 1: register_nbit File: C:/Users/Ted/Desktop/y4proj/fart_vs_cart/fart/register_nbit.sv Line: 7
Info (12021): Found 1 design units, including 1 entities, in source file mux5to1_nbit.sv
    Info (12023): Found entity 1: mux5to1_nbit File: C:/Users/Ted/Desktop/y4proj/fart_vs_cart/fart/mux5to1_nbit.sv Line: 5
Info (12021): Found 1 design units, including 1 entities, in source file mux4to1_nbit.sv
    Info (12023): Found entity 1: mux4to1_nbit File: C:/Users/Ted/Desktop/y4proj/fart_vs_cart/fart/mux4to1_nbit.sv Line: 6
Info (12021): Found 1 design units, including 1 entities, in source file mux4to1_4bit.sv
    Info (12023): Found entity 1: mux4to1_4bit File: C:/Users/Ted/Desktop/y4proj/fart_vs_cart/fart/mux4to1_4bit.sv Line: 6
Info (12021): Found 1 design units, including 1 entities, in source file mux2to1_nbit.sv
    Info (12023): Found entity 1: mux2to1_nbit File: C:/Users/Ted/Desktop/y4proj/fart_vs_cart/fart/mux2to1_nbit.sv Line: 6
Info (12021): Found 1 design units, including 1 entities, in source file mux2to1_4bit.sv
    Info (12023): Found entity 1: mux2to1_4bit File: C:/Users/Ted/Desktop/y4proj/fart_vs_cart/fart/mux2to1_4bit.sv Line: 3
Info (12021): Found 1 design units, including 1 entities, in source file memory.sv
    Info (12023): Found entity 1: memory File: C:/Users/Ted/Desktop/y4proj/fart_vs_cart/fart/memory.sv Line: 22
Info (12021): Found 1 design units, including 1 entities, in source file mask_reg_4b.sv
    Info (12023): Found entity 1: mask_reg_4b File: C:/Users/Ted/Desktop/y4proj/fart_vs_cart/fart/mask_reg_4b.sv Line: 3
Info (12021): Found 1 design units, including 1 entities, in source file instructionmemory.sv
    Info (12023): Found entity 1: InstructionMemory File: C:/Users/Ted/Desktop/y4proj/fart_vs_cart/fart/InstructionMemory.sv Line: 9
Info (12021): Found 1 design units, including 1 entities, in source file alu_v.sv
    Info (12023): Found entity 1: ALU_V File: C:/Users/Ted/Desktop/y4proj/fart_vs_cart/fart/ALU_V.sv Line: 3
Info (12021): Found 1 design units, including 1 entities, in source file adder_n.sv
    Info (12023): Found entity 1: adder_n File: C:/Users/Ted/Desktop/y4proj/fart_vs_cart/fart/adder_n.sv Line: 4
Info (12021): Found 1 design units, including 0 entities, in source file params.sv
    Info (12022): Found design unit 1: params (SystemVerilog) File: C:/Users/Ted/Desktop/y4proj/fart_vs_cart/fart/params.sv Line: 1
Info (12021): Found 1 design units, including 1 entities, in source file multicycle_tb.sv
    Info (12023): Found entity 1: multicycle_tb File: C:/Users/Ted/Desktop/y4proj/fart_vs_cart/fart/multicycle_tb.sv Line: 10
Info (12021): Found 1 design units, including 1 entities, in source file vrf.sv
    Info (12023): Found entity 1: VRF File: C:/Users/Ted/Desktop/y4proj/fart_vs_cart/fart/VRF.sv Line: 24
Info (12021): Found 1 design units, including 1 entities, in source file rf.sv
    Info (12023): Found entity 1: RF File: C:/Users/Ted/Desktop/y4proj/fart_vs_cart/fart/RF.sv Line: 4
Info (12021): Found 1 design units, including 1 entities, in source file mux2to1_2bit.sv
    Info (12023): Found entity 1: mux2to1_2bit File: C:/Users/Ted/Desktop/y4proj/fart_vs_cart/fart/mux2to1_2bit.sv Line: 3
Info (12021): Found 1 design units, including 1 entities, in source file gpu.sv
    Info (12023): Found entity 1: gpu File: C:/Users/Ted/Desktop/y4proj/fart_vs_cart/fart/gpu.sv Line: 29
Info (12021): Found 3 design units, including 3 entities, in source file hex.sv
    Info (12023): Found entity 1: chooseHEXs File: C:/Users/Ted/Desktop/y4proj/fart_vs_cart/fart/HEX.sv Line: 15
    Info (12023): Found entity 2: HEXs File: C:/Users/Ted/Desktop/y4proj/fart_vs_cart/fart/HEX.sv Line: 40
    Info (12023): Found entity 3: HEX File: C:/Users/Ted/Desktop/y4proj/fart_vs_cart/fart/HEX.sv Line: 134
Info (12021): Found 1 design units, including 1 entities, in source file fsm.sv
    Info (12023): Found entity 1: FSM File: C:/Users/Ted/Desktop/y4proj/fart_vs_cart/fart/FSM.sv Line: 12
Info (12021): Found 2 design units, including 2 entities, in source file extend.sv
    Info (12023): Found entity 1: zExtend File: C:/Users/Ted/Desktop/y4proj/fart_vs_cart/fart/extend.sv Line: 31
    Info (12023): Found entity 2: sExtend File: C:/Users/Ted/Desktop/y4proj/fart_vs_cart/fart/extend.sv Line: 40
Info (12021): Found 1 design units, including 1 entities, in source file dualmem.sv
    Info (12023): Found entity 1: DualMem File: C:/Users/Ted/Desktop/y4proj/fart_vs_cart/fart/DualMem.sv Line: 39
Info (12021): Found 1 design units, including 1 entities, in source file datamemory.sv
    Info (12023): Found entity 1: DataMemory File: C:/Users/Ted/Desktop/y4proj/fart_vs_cart/fart/DataMemory.sv Line: 41
Info (12021): Found 1 design units, including 1 entities, in source file counter.sv
    Info (12023): Found entity 1: counter File: C:/Users/Ted/Desktop/y4proj/fart_vs_cart/fart/counter.sv Line: 1
Info (12021): Found 1 design units, including 1 entities, in source file alu.sv
    Info (12023): Found entity 1: ALU File: C:/Users/Ted/Desktop/y4proj/fart_vs_cart/fart/ALU.sv Line: 25
Info (12127): Elaborating entity "gpu" for the top level hierarchy
Warning (10240): Verilog HDL Always Construct warning at gpu.sv(453): inferring latch(es) for variable "LEDR", which holds its previous value in one or more paths through the always construct File: C:/Users/Ted/Desktop/y4proj/fart_vs_cart/fart/gpu.sv Line: 453
Warning (10034): Output port "LEDR[17..10]" at gpu.sv(42) has no driver File: C:/Users/Ted/Desktop/y4proj/fart_vs_cart/fart/gpu.sv Line: 42
Info (10041): Inferred latch for "LEDR[4]" at gpu.sv(453) File: C:/Users/Ted/Desktop/y4proj/fart_vs_cart/fart/gpu.sv Line: 453
Info (10041): Inferred latch for "LEDR[6]" at gpu.sv(453) File: C:/Users/Ted/Desktop/y4proj/fart_vs_cart/fart/gpu.sv Line: 453
Info (12128): Elaborating entity "HEXs" for hierarchy "HEXs:HEX_display" File: C:/Users/Ted/Desktop/y4proj/fart_vs_cart/fart/gpu.sv Line: 141
Info (12128): Elaborating entity "HEX" for hierarchy "HEXs:HEX_display|HEX:decode_digits[0].decoder" File: C:/Users/Ted/Desktop/y4proj/fart_vs_cart/fart/HEX.sv Line: 123
Info (12128): Elaborating entity "FSM" for hierarchy "FSM:Control" File: C:/Users/Ted/Desktop/y4proj/fart_vs_cart/fart/gpu.sv Line: 171
Info (10264): Verilog HDL Case Statement information at FSM.sv(157): all case item expressions in this case statement are onehot File: C:/Users/Ted/Desktop/y4proj/fart_vs_cart/fart/FSM.sv Line: 157
Info (12128): Elaborating entity "InstructionMemory" for hierarchy "InstructionMemory:InstructionMemory" File: C:/Users/Ted/Desktop/y4proj/fart_vs_cart/fart/gpu.sv Line: 181
Info (12128): Elaborating entity "altsyncram" for hierarchy "InstructionMemory:InstructionMemory|altsyncram:altsyncram_component" File: C:/Users/Ted/Desktop/y4proj/fart_vs_cart/fart/InstructionMemory.sv Line: 45
Info (12130): Elaborated megafunction instantiation "InstructionMemory:InstructionMemory|altsyncram:altsyncram_component" File: C:/Users/Ted/Desktop/y4proj/fart_vs_cart/fart/InstructionMemory.sv Line: 45
Info (12133): Instantiated megafunction "InstructionMemory:InstructionMemory|altsyncram:altsyncram_component" with the following parameter: File: C:/Users/Ted/Desktop/y4proj/fart_vs_cart/fart/InstructionMemory.sv Line: 45
    Info (12134): Parameter "clock_enable_input_a" = "BYPASS"
    Info (12134): Parameter "clock_enable_output_a" = "BYPASS"
    Info (12134): Parameter "init_file" = "program.mif"
    Info (12134): Parameter "intended_device_family" = "Cyclone II"
    Info (12134): Parameter "lpm_hint" = "ENABLE_RUNTIME_MOD=NO"
    Info (12134): Parameter "lpm_type" = "altsyncram"
    Info (12134): Parameter "numwords_a" = "256"
    Info (12134): Parameter "operation_mode" = "SINGLE_PORT"
    Info (12134): Parameter "outdata_aclr_a" = "NONE"
    Info (12134): Parameter "outdata_reg_a" = "UNREGISTERED"
    Info (12134): Parameter "power_up_uninitialized" = "FALSE"
    Info (12134): Parameter "widthad_a" = "8"
    Info (12134): Parameter "width_a" = "16"
    Info (12134): Parameter "width_byteena_a" = "1"
Info (12021): Found 1 design units, including 1 entities, in source file db/altsyncram_roi1.tdf
    Info (12023): Found entity 1: altsyncram_roi1 File: C:/Users/Ted/Desktop/y4proj/fart_vs_cart/fart/db/altsyncram_roi1.tdf Line: 28
Info (12128): Elaborating entity "altsyncram_roi1" for hierarchy "InstructionMemory:InstructionMemory|altsyncram:altsyncram_component|altsyncram_roi1:auto_generated" File: c:/altera_lite/25.1std/quartus/libraries/megafunctions/altsyncram.tdf Line: 792
Info (12128): Elaborating entity "ALU" for hierarchy "ALU:ALU" File: C:/Users/Ted/Desktop/y4proj/fart_vs_cart/fart/gpu.sv Line: 186
Info (12128): Elaborating entity "RF" for hierarchy "RF:RF_block" File: C:/Users/Ted/Desktop/y4proj/fart_vs_cart/fart/gpu.sv Line: 199
Info (12128): Elaborating entity "VRF" for hierarchy "VRF:VRF_block" File: C:/Users/Ted/Desktop/y4proj/fart_vs_cart/fart/gpu.sv Line: 217
Info (12128): Elaborating entity "register_nx4bit" for hierarchy "register_nx4bit:X1" File: C:/Users/Ted/Desktop/y4proj/fart_vs_cart/fart/gpu.sv Line: 225
Info (12128): Elaborating entity "mask_reg_4b" for hierarchy "mask_reg_4b:reg_4b" File: C:/Users/Ted/Desktop/y4proj/fart_vs_cart/fart/gpu.sv Line: 241
Info (12128): Elaborating entity "ALU_V" for hierarchy "ALU_V:a0" File: C:/Users/Ted/Desktop/y4proj/fart_vs_cart/fart/gpu.sv Line: 247
Warning (10230): Verilog HDL assignment warning at alu_v.sv(31): truncated value with size 32 to match size of target (16) File: C:/Users/Ted/Desktop/y4proj/fart_vs_cart/fart/alu_v.sv Line: 31
Info (12128): Elaborating entity "mux2to1_nbit" for hierarchy "mux2to1_nbit:voutSel_mux0" File: C:/Users/Ted/Desktop/y4proj/fart_vs_cart/fart/gpu.sv Line: 266
Info (12128): Elaborating entity "register_nbit" for hierarchy "register_nbit:IR_reg" File: C:/Users/Ted/Desktop/y4proj/fart_vs_cart/fart/gpu.sv Line: 303
Info (12128): Elaborating entity "mux2to1_2bit" for hierarchy "mux2to1_2bit:R1Sel_mux" File: C:/Users/Ted/Desktop/y4proj/fart_vs_cart/fart/gpu.sv Line: 334
Info (12128): Elaborating entity "mux5to1_nbit" for hierarchy "mux5to1_nbit:ALU2_mux" File: C:/Users/Ted/Desktop/y4proj/fart_vs_cart/fart/gpu.sv Line: 354
Info (12128): Elaborating entity "counter" for hierarchy "counter:counter" File: C:/Users/Ted/Desktop/y4proj/fart_vs_cart/fart/gpu.sv Line: 359
Warning (10230): Verilog HDL assignment warning at counter.sv(16): truncated value with size 32 to match size of target (16) File: C:/Users/Ted/Desktop/y4proj/fart_vs_cart/fart/counter.sv Line: 16
Info (12128): Elaborating entity "mux4to1_4bit" for hierarchy "mux4to1_4bit:scalar_wren_mux" File: C:/Users/Ted/Desktop/y4proj/fart_vs_cart/fart/gpu.sv Line: 366
Info (12128): Elaborating entity "mux2to1_4bit" for hierarchy "mux2to1_4bit:scalar_vector_wren_mux" File: C:/Users/Ted/Desktop/y4proj/fart_vs_cart/fart/gpu.sv Line: 371
Info (12128): Elaborating entity "memory" for hierarchy "memory:M0" File: C:/Users/Ted/Desktop/y4proj/fart_vs_cart/fart/gpu.sv Line: 376
Info (12128): Elaborating entity "DataMemory" for hierarchy "memory:M0|DataMemory:b2v_inst" File: C:/Users/Ted/Desktop/y4proj/fart_vs_cart/fart/memory.sv Line: 53
Info (12128): Elaborating entity "altsyncram" for hierarchy "memory:M0|DataMemory:b2v_inst|altsyncram:altsyncram_component" File: C:/Users/Ted/Desktop/y4proj/fart_vs_cart/fart/DataMemory.sv Line: 80
Info (12130): Elaborated megafunction instantiation "memory:M0|DataMemory:b2v_inst|altsyncram:altsyncram_component" File: C:/Users/Ted/Desktop/y4proj/fart_vs_cart/fart/DataMemory.sv Line: 80
Info (12133): Instantiated megafunction "memory:M0|DataMemory:b2v_inst|altsyncram:altsyncram_component" with the following parameter: File: C:/Users/Ted/Desktop/y4proj/fart_vs_cart/fart/DataMemory.sv Line: 80
    Info (12134): Parameter "clock_enable_input_a" = "BYPASS"
    Info (12134): Parameter "clock_enable_output_a" = "BYPASS"
    Info (12134): Parameter "init_file" = "data_bank0.mif"
    Info (12134): Parameter "intended_device_family" = "Cyclone V"
    Info (12134): Parameter "lpm_hint" = "ENABLE_RUNTIME_MOD=NO"
    Info (12134): Parameter "lpm_type" = "altsyncram"
    Info (12134): Parameter "numwords_a" = "256"
    Info (12134): Parameter "operation_mode" = "SINGLE_PORT"
    Info (12134): Parameter "outdata_aclr_a" = "NONE"
    Info (12134): Parameter "outdata_reg_a" = "UNREGISTERED"
    Info (12134): Parameter "power_up_uninitialized" = "FALSE"
    Info (12134): Parameter "widthad_a" = "8"
    Info (12134): Parameter "width_a" = "16"
    Info (12134): Parameter "width_byteena_a" = "1"
Info (12021): Found 1 design units, including 1 entities, in source file db/altsyncram_4kj1.tdf
    Info (12023): Found entity 1: altsyncram_4kj1 File: C:/Users/Ted/Desktop/y4proj/fart_vs_cart/fart/db/altsyncram_4kj1.tdf Line: 28
Info (12128): Elaborating entity "altsyncram_4kj1" for hierarchy "memory:M0|DataMemory:b2v_inst|altsyncram:altsyncram_component|altsyncram_4kj1:auto_generated" File: c:/altera_lite/25.1std/quartus/libraries/megafunctions/altsyncram.tdf Line: 792
Info (12128): Elaborating entity "memory" for hierarchy "memory:M1" File: C:/Users/Ted/Desktop/y4proj/fart_vs_cart/fart/gpu.sv Line: 381
Info (12128): Elaborating entity "DataMemory" for hierarchy "memory:M1|DataMemory:b2v_inst" File: C:/Users/Ted/Desktop/y4proj/fart_vs_cart/fart/memory.sv Line: 53
Info (12128): Elaborating entity "altsyncram" for hierarchy "memory:M1|DataMemory:b2v_inst|altsyncram:altsyncram_component" File: C:/Users/Ted/Desktop/y4proj/fart_vs_cart/fart/DataMemory.sv Line: 80
Info (12130): Elaborated megafunction instantiation "memory:M1|DataMemory:b2v_inst|altsyncram:altsyncram_component" File: C:/Users/Ted/Desktop/y4proj/fart_vs_cart/fart/DataMemory.sv Line: 80
Info (12133): Instantiated megafunction "memory:M1|DataMemory:b2v_inst|altsyncram:altsyncram_component" with the following parameter: File: C:/Users/Ted/Desktop/y4proj/fart_vs_cart/fart/DataMemory.sv Line: 80
    Info (12134): Parameter "clock_enable_input_a" = "BYPASS"
    Info (12134): Parameter "clock_enable_output_a" = "BYPASS"
    Info (12134): Parameter "init_file" = "data_bank1.mif"
    Info (12134): Parameter "intended_device_family" = "Cyclone V"
    Info (12134): Parameter "lpm_hint" = "ENABLE_RUNTIME_MOD=NO"
    Info (12134): Parameter "lpm_type" = "altsyncram"
    Info (12134): Parameter "numwords_a" = "256"
    Info (12134): Parameter "operation_mode" = "SINGLE_PORT"
    Info (12134): Parameter "outdata_aclr_a" = "NONE"
    Info (12134): Parameter "outdata_reg_a" = "UNREGISTERED"
    Info (12134): Parameter "power_up_uninitialized" = "FALSE"
    Info (12134): Parameter "widthad_a" = "8"
    Info (12134): Parameter "width_a" = "16"
    Info (12134): Parameter "width_byteena_a" = "1"
Info (12021): Found 1 design units, including 1 entities, in source file db/altsyncram_5kj1.tdf
    Info (12023): Found entity 1: altsyncram_5kj1 File: C:/Users/Ted/Desktop/y4proj/fart_vs_cart/fart/db/altsyncram_5kj1.tdf Line: 28
Info (12128): Elaborating entity "altsyncram_5kj1" for hierarchy "memory:M1|DataMemory:b2v_inst|altsyncram:altsyncram_component|altsyncram_5kj1:auto_generated" File: c:/altera_lite/25.1std/quartus/libraries/megafunctions/altsyncram.tdf Line: 792
Info (12128): Elaborating entity "memory" for hierarchy "memory:M2" File: C:/Users/Ted/Desktop/y4proj/fart_vs_cart/fart/gpu.sv Line: 386
Info (12128): Elaborating entity "DataMemory" for hierarchy "memory:M2|DataMemory:b2v_inst" File: C:/Users/Ted/Desktop/y4proj/fart_vs_cart/fart/memory.sv Line: 53
Info (12128): Elaborating entity "altsyncram" for hierarchy "memory:M2|DataMemory:b2v_inst|altsyncram:altsyncram_component" File: C:/Users/Ted/Desktop/y4proj/fart_vs_cart/fart/DataMemory.sv Line: 80
Info (12130): Elaborated megafunction instantiation "memory:M2|DataMemory:b2v_inst|altsyncram:altsyncram_component" File: C:/Users/Ted/Desktop/y4proj/fart_vs_cart/fart/DataMemory.sv Line: 80
Info (12133): Instantiated megafunction "memory:M2|DataMemory:b2v_inst|altsyncram:altsyncram_component" with the following parameter: File: C:/Users/Ted/Desktop/y4proj/fart_vs_cart/fart/DataMemory.sv Line: 80
    Info (12134): Parameter "clock_enable_input_a" = "BYPASS"
    Info (12134): Parameter "clock_enable_output_a" = "BYPASS"
    Info (12134): Parameter "init_file" = "data_bank2.mif"
    Info (12134): Parameter "intended_device_family" = "Cyclone V"
    Info (12134): Parameter "lpm_hint" = "ENABLE_RUNTIME_MOD=NO"
    Info (12134): Parameter "lpm_type" = "altsyncram"
    Info (12134): Parameter "numwords_a" = "256"
    Info (12134): Parameter "operation_mode" = "SINGLE_PORT"
    Info (12134): Parameter "outdata_aclr_a" = "NONE"
    Info (12134): Parameter "outdata_reg_a" = "UNREGISTERED"
    Info (12134): Parameter "power_up_uninitialized" = "FALSE"
    Info (12134): Parameter "widthad_a" = "8"
    Info (12134): Parameter "width_a" = "16"
    Info (12134): Parameter "width_byteena_a" = "1"
Info (12021): Found 1 design units, including 1 entities, in source file db/altsyncram_6kj1.tdf
    Info (12023): Found entity 1: altsyncram_6kj1 File: C:/Users/Ted/Desktop/y4proj/fart_vs_cart/fart/db/altsyncram_6kj1.tdf Line: 28
Info (12128): Elaborating entity "altsyncram_6kj1" for hierarchy "memory:M2|DataMemory:b2v_inst|altsyncram:altsyncram_component|altsyncram_6kj1:auto_generated" File: c:/altera_lite/25.1std/quartus/libraries/megafunctions/altsyncram.tdf Line: 792
Info (12128): Elaborating entity "memory" for hierarchy "memory:M3" File: C:/Users/Ted/Desktop/y4proj/fart_vs_cart/fart/gpu.sv Line: 391
Info (12128): Elaborating entity "DataMemory" for hierarchy "memory:M3|DataMemory:b2v_inst" File: C:/Users/Ted/Desktop/y4proj/fart_vs_cart/fart/memory.sv Line: 53
Info (12128): Elaborating entity "altsyncram" for hierarchy "memory:M3|DataMemory:b2v_inst|altsyncram:altsyncram_component" File: C:/Users/Ted/Desktop/y4proj/fart_vs_cart/fart/DataMemory.sv Line: 80
Info (12130): Elaborated megafunction instantiation "memory:M3|DataMemory:b2v_inst|altsyncram:altsyncram_component" File: C:/Users/Ted/Desktop/y4proj/fart_vs_cart/fart/DataMemory.sv Line: 80
Info (12133): Instantiated megafunction "memory:M3|DataMemory:b2v_inst|altsyncram:altsyncram_component" with the following parameter: File: C:/Users/Ted/Desktop/y4proj/fart_vs_cart/fart/DataMemory.sv Line: 80
    Info (12134): Parameter "clock_enable_input_a" = "BYPASS"
    Info (12134): Parameter "clock_enable_output_a" = "BYPASS"
    Info (12134): Parameter "init_file" = "data_bank3.mif"
    Info (12134): Parameter "intended_device_family" = "Cyclone V"
    Info (12134): Parameter "lpm_hint" = "ENABLE_RUNTIME_MOD=NO"
    Info (12134): Parameter "lpm_type" = "altsyncram"
    Info (12134): Parameter "numwords_a" = "256"
    Info (12134): Parameter "operation_mode" = "SINGLE_PORT"
    Info (12134): Parameter "outdata_aclr_a" = "NONE"
    Info (12134): Parameter "outdata_reg_a" = "UNREGISTERED"
    Info (12134): Parameter "power_up_uninitialized" = "FALSE"
    Info (12134): Parameter "widthad_a" = "8"
    Info (12134): Parameter "width_a" = "16"
    Info (12134): Parameter "width_byteena_a" = "1"
Info (12021): Found 1 design units, including 1 entities, in source file db/altsyncram_7kj1.tdf
    Info (12023): Found entity 1: altsyncram_7kj1 File: C:/Users/Ted/Desktop/y4proj/fart_vs_cart/fart/db/altsyncram_7kj1.tdf Line: 28
Info (12128): Elaborating entity "altsyncram_7kj1" for hierarchy "memory:M3|DataMemory:b2v_inst|altsyncram:altsyncram_component|altsyncram_7kj1:auto_generated" File: c:/altera_lite/25.1std/quartus/libraries/megafunctions/altsyncram.tdf Line: 792
Info (12128): Elaborating entity "mux4to1_nbit" for hierarchy "mux4to1_nbit:mdr_in_mux" File: C:/Users/Ted/Desktop/y4proj/fart_vs_cart/fart/gpu.sv Line: 420
Info (12128): Elaborating entity "sExtend" for hierarchy "sExtend:SE4" File: C:/Users/Ted/Desktop/y4proj/fart_vs_cart/fart/gpu.sv Line: 423
Info (12128): Elaborating entity "zExtend" for hierarchy "zExtend:ZE3" File: C:/Users/Ted/Desktop/y4proj/fart_vs_cart/fart/gpu.sv Line: 424
Info (12128): Elaborating entity "zExtend" for hierarchy "zExtend:ZE5" File: C:/Users/Ted/Desktop/y4proj/fart_vs_cart/fart/gpu.sv Line: 425
Warning (12241): 9 hierarchies have connectivity warnings - see the Connectivity Checks report folder
Warning (13012): Latch LEDR[4]$latch has unsafe behavior File: C:/Users/Ted/Desktop/y4proj/fart_vs_cart/fart/gpu.sv Line: 453
    Warning (13013): Ports D and ENA on the latch are fed by the same signal SW[4] File: C:/Users/Ted/Desktop/y4proj/fart_vs_cart/fart/gpu.sv Line: 39
Warning (13012): Latch LEDR[6]$latch has unsafe behavior File: C:/Users/Ted/Desktop/y4proj/fart_vs_cart/fart/gpu.sv Line: 453
    Warning (13013): Ports D and ENA on the latch are fed by the same signal SW[4] File: C:/Users/Ted/Desktop/y4proj/fart_vs_cart/fart/gpu.sv Line: 39
Warning (13024): Output pins are stuck at VCC or GND
    Warning (13410): Pin "HEX4[0]" is stuck at VCC File: C:/Users/Ted/Desktop/y4proj/fart_vs_cart/fart/gpu.sv Line: 41
    Warning (13410): Pin "HEX4[1]" is stuck at VCC File: C:/Users/Ted/Desktop/y4proj/fart_vs_cart/fart/gpu.sv Line: 41
    Warning (13410): Pin "HEX4[2]" is stuck at VCC File: C:/Users/Ted/Desktop/y4proj/fart_vs_cart/fart/gpu.sv Line: 41
    Warning (13410): Pin "HEX4[3]" is stuck at VCC File: C:/Users/Ted/Desktop/y4proj/fart_vs_cart/fart/gpu.sv Line: 41
    Warning (13410): Pin "HEX4[4]" is stuck at VCC File: C:/Users/Ted/Desktop/y4proj/fart_vs_cart/fart/gpu.sv Line: 41
    Warning (13410): Pin "HEX4[5]" is stuck at VCC File: C:/Users/Ted/Desktop/y4proj/fart_vs_cart/fart/gpu.sv Line: 41
    Warning (13410): Pin "HEX4[6]" is stuck at VCC File: C:/Users/Ted/Desktop/y4proj/fart_vs_cart/fart/gpu.sv Line: 41
    Warning (13410): Pin "HEX5[0]" is stuck at VCC File: C:/Users/Ted/Desktop/y4proj/fart_vs_cart/fart/gpu.sv Line: 41
    Warning (13410): Pin "HEX5[1]" is stuck at VCC File: C:/Users/Ted/Desktop/y4proj/fart_vs_cart/fart/gpu.sv Line: 41
    Warning (13410): Pin "HEX5[2]" is stuck at VCC File: C:/Users/Ted/Desktop/y4proj/fart_vs_cart/fart/gpu.sv Line: 41
    Warning (13410): Pin "HEX5[3]" is stuck at VCC File: C:/Users/Ted/Desktop/y4proj/fart_vs_cart/fart/gpu.sv Line: 41
    Warning (13410): Pin "HEX5[4]" is stuck at VCC File: C:/Users/Ted/Desktop/y4proj/fart_vs_cart/fart/gpu.sv Line: 41
    Warning (13410): Pin "HEX5[5]" is stuck at VCC File: C:/Users/Ted/Desktop/y4proj/fart_vs_cart/fart/gpu.sv Line: 41
    Warning (13410): Pin "HEX5[6]" is stuck at VCC File: C:/Users/Ted/Desktop/y4proj/fart_vs_cart/fart/gpu.sv Line: 41
    Warning (13410): Pin "LEDR[10]" is stuck at GND File: C:/Users/Ted/Desktop/y4proj/fart_vs_cart/fart/gpu.sv Line: 42
    Warning (13410): Pin "LEDR[11]" is stuck at GND File: C:/Users/Ted/Desktop/y4proj/fart_vs_cart/fart/gpu.sv Line: 42
    Warning (13410): Pin "LEDR[12]" is stuck at GND File: C:/Users/Ted/Desktop/y4proj/fart_vs_cart/fart/gpu.sv Line: 42
    Warning (13410): Pin "LEDR[13]" is stuck at GND File: C:/Users/Ted/Desktop/y4proj/fart_vs_cart/fart/gpu.sv Line: 42
    Warning (13410): Pin "LEDR[14]" is stuck at GND File: C:/Users/Ted/Desktop/y4proj/fart_vs_cart/fart/gpu.sv Line: 42
    Warning (13410): Pin "LEDR[15]" is stuck at GND File: C:/Users/Ted/Desktop/y4proj/fart_vs_cart/fart/gpu.sv Line: 42
    Warning (13410): Pin "LEDR[16]" is stuck at GND File: C:/Users/Ted/Desktop/y4proj/fart_vs_cart/fart/gpu.sv Line: 42
    Warning (13410): Pin "LEDR[17]" is stuck at GND File: C:/Users/Ted/Desktop/y4proj/fart_vs_cart/fart/gpu.sv Line: 42
Info (286030): Timing-Driven Synthesis is running
Info (17049): 8 registers lost all their fanouts during netlist optimizations.
Warning (20013): Ignored 571 assignments for entity "DE1_SoC" -- entity does not exist in design
    Warning (20014): Assignment for entity set_instance_assignment -name PACKAGE_SKEW_COMPENSATION OFF -to HPS_DDR3_ADDR[0] -entity DE1_SoC was ignored
    Warning (20014): Assignment for entity set_instance_assignment -name PACKAGE_SKEW_COMPENSATION OFF -to HPS_DDR3_ADDR[10] -entity DE1_SoC was ignored
    Warning (20014): Assignment for entity set_instance_assignment -name PACKAGE_SKEW_COMPENSATION OFF -to HPS_DDR3_ADDR[11] -entity DE1_SoC was ignored
    Warning (20014): Assignment for entity set_instance_assignment -name PACKAGE_SKEW_COMPENSATION OFF -to HPS_DDR3_ADDR[12] -entity DE1_SoC was ignored
    Warning (20014): Assignment for entity set_instance_assignment -name PACKAGE_SKEW_COMPENSATION OFF -to HPS_DDR3_ADDR[13] -entity DE1_SoC was ignored
    Warning (20014): Assignment for entity set_instance_assignment -name PACKAGE_SKEW_COMPENSATION OFF -to HPS_DDR3_ADDR[14] -entity DE1_SoC was ignored
    Warning (20014): Assignment for entity set_instance_assignment -name PACKAGE_SKEW_COMPENSATION OFF -to HPS_DDR3_ADDR[1] -entity DE1_SoC was ignored
    Warning (20014): Assignment for entity set_instance_assignment -name PACKAGE_SKEW_COMPENSATION OFF -to HPS_DDR3_ADDR[2] -entity DE1_SoC was ignored
    Warning (20014): Assignment for entity set_instance_assignment -name PACKAGE_SKEW_COMPENSATION OFF -to HPS_DDR3_ADDR[3] -entity DE1_SoC was ignored
    Warning (20014): Assignment for entity set_instance_assignment -name PACKAGE_SKEW_COMPENSATION OFF -to HPS_DDR3_ADDR[4] -entity DE1_SoC was ignored
    Warning (20014): Assignment for entity set_instance_assignment -name PACKAGE_SKEW_COMPENSATION OFF -to HPS_DDR3_ADDR[5] -entity DE1_SoC was ignored
    Warning (20014): Assignment for entity set_instance_assignment -name PACKAGE_SKEW_COMPENSATION OFF -to HPS_DDR3_ADDR[6] -entity DE1_SoC was ignored
    Warning (20014): Assignment for entity set_instance_assignment -name PACKAGE_SKEW_COMPENSATION OFF -to HPS_DDR3_ADDR[7] -entity DE1_SoC was ignored
    Warning (20014): Assignment for entity set_instance_assignment -name PACKAGE_SKEW_COMPENSATION OFF -to HPS_DDR3_ADDR[8] -entity DE1_SoC was ignored
    Warning (20014): Assignment for entity set_instance_assignment -name PACKAGE_SKEW_COMPENSATION OFF -to HPS_DDR3_ADDR[9] -entity DE1_SoC was ignored
    Warning (20014): Assignment for entity set_instance_assignment -name PACKAGE_SKEW_COMPENSATION OFF -to HPS_DDR3_BA[0] -entity DE1_SoC was ignored
    Warning (20014): Assignment for entity set_instance_assignment -name PACKAGE_SKEW_COMPENSATION OFF -to HPS_DDR3_BA[1] -entity DE1_SoC was ignored
    Warning (20014): Assignment for entity set_instance_assignment -name PACKAGE_SKEW_COMPENSATION OFF -to HPS_DDR3_BA[2] -entity DE1_SoC was ignored
    Warning (20014): Assignment for entity set_instance_assignment -name PACKAGE_SKEW_COMPENSATION OFF -to HPS_DDR3_CAS_N -entity DE1_SoC was ignored
    Warning (20014): Assignment for entity set_instance_assignment -name PACKAGE_SKEW_COMPENSATION OFF -to HPS_DDR3_CKE -entity DE1_SoC was ignored
    Warning (20014): Assignment for entity set_instance_assignment -name PACKAGE_SKEW_COMPENSATION OFF -to HPS_DDR3_CK_N -entity DE1_SoC was ignored
    Warning (20014): Assignment for entity set_instance_assignment -name PACKAGE_SKEW_COMPENSATION OFF -to HPS_DDR3_CK_P -entity DE1_SoC was ignored
    Warning (20014): Assignment for entity set_instance_assignment -name PACKAGE_SKEW_COMPENSATION OFF -to HPS_DDR3_CS_N -entity DE1_SoC was ignored
    Warning (20014): Assignment for entity set_instance_assignment -name PACKAGE_SKEW_COMPENSATION OFF -to HPS_DDR3_DM[0] -entity DE1_SoC was ignored
    Warning (20014): Assignment for entity set_instance_assignment -name PACKAGE_SKEW_COMPENSATION OFF -to HPS_DDR3_DM[1] -entity DE1_SoC was ignored
    Warning (20014): Assignment for entity set_instance_assignment -name PACKAGE_SKEW_COMPENSATION OFF -to HPS_DDR3_DM[2] -entity DE1_SoC was ignored
    Warning (20014): Assignment for entity set_instance_assignment -name PACKAGE_SKEW_COMPENSATION OFF -to HPS_DDR3_DM[3] -entity DE1_SoC was ignored
    Warning (20014): Assignment for entity set_instance_assignment -name PACKAGE_SKEW_COMPENSATION OFF -to HPS_DDR3_DQS_N[0] -entity DE1_SoC was ignored
    Warning (20014): Assignment for entity set_instance_assignment -name PACKAGE_SKEW_COMPENSATION OFF -to HPS_DDR3_DQS_N[1] -entity DE1_SoC was ignored
    Warning (20014): Assignment for entity set_instance_assignment -name PACKAGE_SKEW_COMPENSATION OFF -to HPS_DDR3_DQS_N[2] -entity DE1_SoC was ignored
    Warning (20014): Assignment for entity set_instance_assignment -name PACKAGE_SKEW_COMPENSATION OFF -to HPS_DDR3_DQS_N[3] -entity DE1_SoC was ignored
    Warning (20014): Assignment for entity set_instance_assignment -name PACKAGE_SKEW_COMPENSATION OFF -to HPS_DDR3_DQS_P[0] -entity DE1_SoC was ignored
    Warning (20014): Assignment for entity set_instance_assignment -name PACKAGE_SKEW_COMPENSATION OFF -to HPS_DDR3_DQS_P[1] -entity DE1_SoC was ignored
    Warning (20014): Assignment for entity set_instance_assignment -name PACKAGE_SKEW_COMPENSATION OFF -to HPS_DDR3_DQS_P[2] -entity DE1_SoC was ignored
    Warning (20014): Assignment for entity set_instance_assignment -name PACKAGE_SKEW_COMPENSATION OFF -to HPS_DDR3_DQS_P[3] -entity DE1_SoC was ignored
    Warning (20014): Assignment for entity set_instance_assignment -name PACKAGE_SKEW_COMPENSATION OFF -to HPS_DDR3_DQ[0] -entity DE1_SoC was ignored
    Warning (20014): Assignment for entity set_instance_assignment -name PACKAGE_SKEW_COMPENSATION OFF -to HPS_DDR3_DQ[10] -entity DE1_SoC was ignored
    Warning (20014): Assignment for entity set_instance_assignment -name PACKAGE_SKEW_COMPENSATION OFF -to HPS_DDR3_DQ[11] -entity DE1_SoC was ignored
    Warning (20014): Assignment for entity set_instance_assignment -name PACKAGE_SKEW_COMPENSATION OFF -to HPS_DDR3_DQ[12] -entity DE1_SoC was ignored
    Warning (20014): Assignment for entity set_instance_assignment -name PACKAGE_SKEW_COMPENSATION OFF -to HPS_DDR3_DQ[13] -entity DE1_SoC was ignored
    Warning (20014): Assignment for entity set_instance_assignment -name PACKAGE_SKEW_COMPENSATION OFF -to HPS_DDR3_DQ[14] -entity DE1_SoC was ignored
    Warning (20014): Assignment for entity set_instance_assignment -name PACKAGE_SKEW_COMPENSATION OFF -to HPS_DDR3_DQ[15] -entity DE1_SoC was ignored
    Warning (20014): Assignment for entity set_instance_assignment -name PACKAGE_SKEW_COMPENSATION OFF -to HPS_DDR3_DQ[16] -entity DE1_SoC was ignored
    Warning (20014): Assignment for entity set_instance_assignment -name PACKAGE_SKEW_COMPENSATION OFF -to HPS_DDR3_DQ[17] -entity DE1_SoC was ignored
    Warning (20014): Assignment for entity set_instance_assignment -name PACKAGE_SKEW_COMPENSATION OFF -to HPS_DDR3_DQ[18] -entity DE1_SoC was ignored
    Warning (20014): Assignment for entity set_instance_assignment -name PACKAGE_SKEW_COMPENSATION OFF -to HPS_DDR3_DQ[19] -entity DE1_SoC was ignored
    Warning (20014): Assignment for entity set_instance_assignment -name PACKAGE_SKEW_COMPENSATION OFF -to HPS_DDR3_DQ[1] -entity DE1_SoC was ignored
    Warning (20014): Assignment for entity set_instance_assignment -name PACKAGE_SKEW_COMPENSATION OFF -to HPS_DDR3_DQ[20] -entity DE1_SoC was ignored
    Warning (20014): Assignment for entity set_instance_assignment -name PACKAGE_SKEW_COMPENSATION OFF -to HPS_DDR3_DQ[21] -entity DE1_SoC was ignored
    Warning (20014): Assignment for entity set_instance_assignment -name PACKAGE_SKEW_COMPENSATION OFF -to HPS_DDR3_DQ[22] -entity DE1_SoC was ignored
    Warning (20014): Assignment for entity set_instance_assignment -name PACKAGE_SKEW_COMPENSATION OFF -to HPS_DDR3_DQ[23] -entity DE1_SoC was ignored
    Warning (20014): Assignment for entity set_instance_assignment -name PACKAGE_SKEW_COMPENSATION OFF -to HPS_DDR3_DQ[24] -entity DE1_SoC was ignored
    Warning (20014): Assignment for entity set_instance_assignment -name PACKAGE_SKEW_COMPENSATION OFF -to HPS_DDR3_DQ[25] -entity DE1_SoC was ignored
    Warning (20014): Assignment for entity set_instance_assignment -name PACKAGE_SKEW_COMPENSATION OFF -to HPS_DDR3_DQ[26] -entity DE1_SoC was ignored
    Warning (20014): Assignment for entity set_instance_assignment -name PACKAGE_SKEW_COMPENSATION OFF -to HPS_DDR3_DQ[27] -entity DE1_SoC was ignored
    Warning (20014): Assignment for entity set_instance_assignment -name PACKAGE_SKEW_COMPENSATION OFF -to HPS_DDR3_DQ[28] -entity DE1_SoC was ignored
    Warning (20014): Assignment for entity set_instance_assignment -name PACKAGE_SKEW_COMPENSATION OFF -to HPS_DDR3_DQ[29] -entity DE1_SoC was ignored
    Warning (20014): Assignment for entity set_instance_assignment -name PACKAGE_SKEW_COMPENSATION OFF -to HPS_DDR3_DQ[2] -entity DE1_SoC was ignored
    Warning (20014): Assignment for entity set_instance_assignment -name PACKAGE_SKEW_COMPENSATION OFF -to HPS_DDR3_DQ[30] -entity DE1_SoC was ignored
    Warning (20014): Assignment for entity set_instance_assignment -name PACKAGE_SKEW_COMPENSATION OFF -to HPS_DDR3_DQ[31] -entity DE1_SoC was ignored
    Warning (20014): Assignment for entity set_instance_assignment -name PACKAGE_SKEW_COMPENSATION OFF -to HPS_DDR3_DQ[3] -entity DE1_SoC was ignored
    Warning (20014): Assignment for entity set_instance_assignment -name PACKAGE_SKEW_COMPENSATION OFF -to HPS_DDR3_DQ[4] -entity DE1_SoC was ignored
    Warning (20014): Assignment for entity set_instance_assignment -name PACKAGE_SKEW_COMPENSATION OFF -to HPS_DDR3_DQ[5] -entity DE1_SoC was ignored
    Warning (20014): Assignment for entity set_instance_assignment -name PACKAGE_SKEW_COMPENSATION OFF -to HPS_DDR3_DQ[6] -entity DE1_SoC was ignored
    Warning (20014): Assignment for entity set_instance_assignment -name PACKAGE_SKEW_COMPENSATION OFF -to HPS_DDR3_DQ[7] -entity DE1_SoC was ignored
    Warning (20014): Assignment for entity set_instance_assignment -name PACKAGE_SKEW_COMPENSATION OFF -to HPS_DDR3_DQ[8] -entity DE1_SoC was ignored
    Warning (20014): Assignment for entity set_instance_assignment -name PACKAGE_SKEW_COMPENSATION OFF -to HPS_DDR3_DQ[9] -entity DE1_SoC was ignored
    Warning (20014): Assignment for entity set_instance_assignment -name PACKAGE_SKEW_COMPENSATION OFF -to HPS_DDR3_ODT -entity DE1_SoC was ignored
    Warning (20014): Assignment for entity set_instance_assignment -name PACKAGE_SKEW_COMPENSATION OFF -to HPS_DDR3_RAS_N -entity DE1_SoC was ignored
    Warning (20014): Assignment for entity set_instance_assignment -name PACKAGE_SKEW_COMPENSATION OFF -to HPS_DDR3_RESET_N -entity DE1_SoC was ignored
    Warning (20014): Assignment for entity set_instance_assignment -name PACKAGE_SKEW_COMPENSATION OFF -to HPS_DDR3_WE_N -entity DE1_SoC was ignored
    Warning (20014): Assignment for entity set_instance_assignment -name IO_STANDARD "3.3-V LVTTL" -to ADC_CS_N -entity DE1_SoC was ignored
    Warning (20014): Assignment for entity set_instance_assignment -name IO_STANDARD "3.3-V LVTTL" -to ADC_DIN -entity DE1_SoC was ignored
    Warning (20014): Assignment for entity set_instance_assignment -name IO_STANDARD "3.3-V LVTTL" -to ADC_DOUT -entity DE1_SoC was ignored
    Warning (20014): Assignment for entity set_instance_assignment -name IO_STANDARD "3.3-V LVTTL" -to ADC_SCLK -entity DE1_SoC was ignored
    Warning (20014): Assignment for entity set_instance_assignment -name IO_STANDARD "3.3-V LVTTL" -to AUD_ADCDAT -entity DE1_SoC was ignored
    Warning (20014): Assignment for entity set_instance_assignment -name IO_STANDARD "3.3-V LVTTL" -to AUD_ADCLRCK -entity DE1_SoC was ignored
    Warning (20014): Assignment for entity set_instance_assignment -name IO_STANDARD "3.3-V LVTTL" -to AUD_BCLK -entity DE1_SoC was ignored
    Warning (20014): Assignment for entity set_instance_assignment -name IO_STANDARD "3.3-V LVTTL" -to AUD_DACDAT -entity DE1_SoC was ignored
    Warning (20014): Assignment for entity set_instance_assignment -name IO_STANDARD "3.3-V LVTTL" -to AUD_DACLRCK -entity DE1_SoC was ignored
    Warning (20014): Assignment for entity set_instance_assignment -name IO_STANDARD "3.3-V LVTTL" -to AUD_XCK -entity DE1_SoC was ignored
    Warning (20014): Assignment for entity set_instance_assignment -name IO_STANDARD "3.3-V LVTTL" -to CLOCK2_50 -entity DE1_SoC was ignored
    Warning (20014): Assignment for entity set_instance_assignment -name IO_STANDARD "3.3-V LVTTL" -to CLOCK3_50 -entity DE1_SoC was ignored
    Warning (20014): Assignment for entity set_instance_assignment -name IO_STANDARD "3.3-V LVTTL" -to CLOCK4_50 -entity DE1_SoC was ignored
    Warning (20014): Assignment for entity set_instance_assignment -name IO_STANDARD "3.3-V LVTTL" -to CLOCK_50 -entity DE1_SoC was ignored
    Warning (20014): Assignment for entity set_instance_assignment -name IO_STANDARD "3.3-V LVTTL" -to DRAM_ADDR[0] -entity DE1_SoC was ignored
    Warning (20014): Assignment for entity set_instance_assignment -name IO_STANDARD "3.3-V LVTTL" -to DRAM_ADDR[10] -entity DE1_SoC was ignored
    Warning (20014): Assignment for entity set_instance_assignment -name IO_STANDARD "3.3-V LVTTL" -to DRAM_ADDR[11] -entity DE1_SoC was ignored
    Warning (20014): Assignment for entity set_instance_assignment -name IO_STANDARD "3.3-V LVTTL" -to DRAM_ADDR[12] -entity DE1_SoC was ignored
    Warning (20014): Assignment for entity set_instance_assignment -name IO_STANDARD "3.3-V LVTTL" -to DRAM_ADDR[1] -entity DE1_SoC was ignored
    Warning (20014): Assignment for entity set_instance_assignment -name IO_STANDARD "3.3-V LVTTL" -to DRAM_ADDR[2] -entity DE1_SoC was ignored
    Warning (20014): Assignment for entity set_instance_assignment -name IO_STANDARD "3.3-V LVTTL" -to DRAM_ADDR[3] -entity DE1_SoC was ignored
    Warning (20014): Assignment for entity set_instance_assignment -name IO_STANDARD "3.3-V LVTTL" -to DRAM_ADDR[4] -entity DE1_SoC was ignored
    Warning (20014): Assignment for entity set_instance_assignment -name IO_STANDARD "3.3-V LVTTL" -to DRAM_ADDR[5] -entity DE1_SoC was ignored
    Warning (20014): Assignment for entity set_instance_assignment -name IO_STANDARD "3.3-V LVTTL" -to DRAM_ADDR[6] -entity DE1_SoC was ignored
    Warning (20014): Assignment for entity set_instance_assignment -name IO_STANDARD "3.3-V LVTTL" -to DRAM_ADDR[7] -entity DE1_SoC was ignored
    Warning (20014): Assignment for entity set_instance_assignment -name IO_STANDARD "3.3-V LVTTL" -to DRAM_ADDR[8] -entity DE1_SoC was ignored
    Warning (20014): Assignment for entity set_instance_assignment -name IO_STANDARD "3.3-V LVTTL" -to DRAM_ADDR[9] -entity DE1_SoC was ignored
    Warning (20014): Assignment for entity set_instance_assignment -name IO_STANDARD "3.3-V LVTTL" -to DRAM_BA[0] -entity DE1_SoC was ignored
    Warning (20014): Assignment for entity set_instance_assignment -name IO_STANDARD "3.3-V LVTTL" -to DRAM_BA[1] -entity DE1_SoC was ignored
    Warning (20014): Assignment for entity set_instance_assignment -name IO_STANDARD "3.3-V LVTTL" -to DRAM_CAS_N -entity DE1_SoC was ignored
    Warning (20014): Assignment for entity set_instance_assignment -name IO_STANDARD "3.3-V LVTTL" -to DRAM_CKE -entity DE1_SoC was ignored
    Warning (20014): Assignment for entity set_instance_assignment -name IO_STANDARD "3.3-V LVTTL" -to DRAM_CLK -entity DE1_SoC was ignored
    Warning (20014): Assignment for entity set_instance_assignment -name IO_STANDARD "3.3-V LVTTL" -to DRAM_CS_N -entity DE1_SoC was ignored
    Warning (20014): Assignment for entity set_instance_assignment -name IO_STANDARD "3.3-V LVTTL" -to DRAM_DQ[0] -entity DE1_SoC was ignored
    Warning (20014): Assignment for entity set_instance_assignment -name IO_STANDARD "3.3-V LVTTL" -to DRAM_DQ[10] -entity DE1_SoC was ignored
    Warning (20014): Assignment for entity set_instance_assignment -name IO_STANDARD "3.3-V LVTTL" -to DRAM_DQ[11] -entity DE1_SoC was ignored
    Warning (20014): Assignment for entity set_instance_assignment -name IO_STANDARD "3.3-V LVTTL" -to DRAM_DQ[12] -entity DE1_SoC was ignored
    Warning (20014): Assignment for entity set_instance_assignment -name IO_STANDARD "3.3-V LVTTL" -to DRAM_DQ[13] -entity DE1_SoC was ignored
    Warning (20014): Assignment for entity set_instance_assignment -name IO_STANDARD "3.3-V LVTTL" -to DRAM_DQ[14] -entity DE1_SoC was ignored
    Warning (20014): Assignment for entity set_instance_assignment -name IO_STANDARD "3.3-V LVTTL" -to DRAM_DQ[15] -entity DE1_SoC was ignored
    Warning (20014): Assignment for entity set_instance_assignment -name IO_STANDARD "3.3-V LVTTL" -to DRAM_DQ[1] -entity DE1_SoC was ignored
    Warning (20014): Assignment for entity set_instance_assignment -name IO_STANDARD "3.3-V LVTTL" -to DRAM_DQ[2] -entity DE1_SoC was ignored
    Warning (20014): Assignment for entity set_instance_assignment -name IO_STANDARD "3.3-V LVTTL" -to DRAM_DQ[3] -entity DE1_SoC was ignored
    Warning (20014): Assignment for entity set_instance_assignment -name IO_STANDARD "3.3-V LVTTL" -to DRAM_DQ[4] -entity DE1_SoC was ignored
    Warning (20014): Assignment for entity set_instance_assignment -name IO_STANDARD "3.3-V LVTTL" -to DRAM_DQ[5] -entity DE1_SoC was ignored
    Warning (20014): Assignment for entity set_instance_assignment -name IO_STANDARD "3.3-V LVTTL" -to DRAM_DQ[6] -entity DE1_SoC was ignored
    Warning (20014): Assignment for entity set_instance_assignment -name IO_STANDARD "3.3-V LVTTL" -to DRAM_DQ[7] -entity DE1_SoC was ignored
    Warning (20014): Assignment for entity set_instance_assignment -name IO_STANDARD "3.3-V LVTTL" -to DRAM_DQ[8] -entity DE1_SoC was ignored
    Warning (20014): Assignment for entity set_instance_assignment -name IO_STANDARD "3.3-V LVTTL" -to DRAM_DQ[9] -entity DE1_SoC was ignored
    Warning (20014): Assignment for entity set_instance_assignment -name IO_STANDARD "3.3-V LVTTL" -to DRAM_LDQM -entity DE1_SoC was ignored
    Warning (20014): Assignment for entity set_instance_assignment -name IO_STANDARD "3.3-V LVTTL" -to DRAM_RAS_N -entity DE1_SoC was ignored
    Warning (20014): Assignment for entity set_instance_assignment -name IO_STANDARD "3.3-V LVTTL" -to DRAM_UDQM -entity DE1_SoC was ignored
    Warning (20014): Assignment for entity set_instance_assignment -name IO_STANDARD "3.3-V LVTTL" -to DRAM_WE_N -entity DE1_SoC was ignored
    Warning (20014): Assignment for entity set_instance_assignment -name IO_STANDARD "3.3-V LVTTL" -to FAN_CTRL -entity DE1_SoC was ignored
    Warning (20014): Assignment for entity set_instance_assignment -name IO_STANDARD "3.3-V LVTTL" -to FPGA_I2C_SCLK -entity DE1_SoC was ignored
    Warning (20014): Assignment for entity set_instance_assignment -name IO_STANDARD "3.3-V LVTTL" -to FPGA_I2C_SDAT -entity DE1_SoC was ignored
    Warning (20014): Assignment for entity set_instance_assignment -name IO_STANDARD "3.3-V LVTTL" -to GPIO_0[0] -entity DE1_SoC was ignored
    Warning (20014): Assignment for entity set_instance_assignment -name IO_STANDARD "3.3-V LVTTL" -to GPIO_0[10] -entity DE1_SoC was ignored
    Warning (20014): Assignment for entity set_instance_assignment -name IO_STANDARD "3.3-V LVTTL" -to GPIO_0[11] -entity DE1_SoC was ignored
    Warning (20014): Assignment for entity set_instance_assignment -name IO_STANDARD "3.3-V LVTTL" -to GPIO_0[12] -entity DE1_SoC was ignored
    Warning (20014): Assignment for entity set_instance_assignment -name IO_STANDARD "3.3-V LVTTL" -to GPIO_0[13] -entity DE1_SoC was ignored
    Warning (20014): Assignment for entity set_instance_assignment -name IO_STANDARD "3.3-V LVTTL" -to GPIO_0[14] -entity DE1_SoC was ignored
    Warning (20014): Assignment for entity set_instance_assignment -name IO_STANDARD "3.3-V LVTTL" -to GPIO_0[15] -entity DE1_SoC was ignored
    Warning (20014): Assignment for entity set_instance_assignment -name IO_STANDARD "3.3-V LVTTL" -to GPIO_0[16] -entity DE1_SoC was ignored
    Warning (20014): Assignment for entity set_instance_assignment -name IO_STANDARD "3.3-V LVTTL" -to GPIO_0[17] -entity DE1_SoC was ignored
    Warning (20014): Assignment for entity set_instance_assignment -name IO_STANDARD "3.3-V LVTTL" -to GPIO_0[18] -entity DE1_SoC was ignored
    Warning (20014): Assignment for entity set_instance_assignment -name IO_STANDARD "3.3-V LVTTL" -to GPIO_0[19] -entity DE1_SoC was ignored
    Warning (20014): Assignment for entity set_instance_assignment -name IO_STANDARD "3.3-V LVTTL" -to GPIO_0[1] -entity DE1_SoC was ignored
    Warning (20014): Assignment for entity set_instance_assignment -name IO_STANDARD "3.3-V LVTTL" -to GPIO_0[20] -entity DE1_SoC was ignored
    Warning (20014): Assignment for entity set_instance_assignment -name IO_STANDARD "3.3-V LVTTL" -to GPIO_0[21] -entity DE1_SoC was ignored
    Warning (20014): Assignment for entity set_instance_assignment -name IO_STANDARD "3.3-V LVTTL" -to GPIO_0[22] -entity DE1_SoC was ignored
    Warning (20014): Assignment for entity set_instance_assignment -name IO_STANDARD "3.3-V LVTTL" -to GPIO_0[23] -entity DE1_SoC was ignored
    Warning (20014): Assignment for entity set_instance_assignment -name IO_STANDARD "3.3-V LVTTL" -to GPIO_0[24] -entity DE1_SoC was ignored
    Warning (20014): Assignment for entity set_instance_assignment -name IO_STANDARD "3.3-V LVTTL" -to GPIO_0[25] -entity DE1_SoC was ignored
    Warning (20014): Assignment for entity set_instance_assignment -name IO_STANDARD "3.3-V LVTTL" -to GPIO_0[26] -entity DE1_SoC was ignored
    Warning (20014): Assignment for entity set_instance_assignment -name IO_STANDARD "3.3-V LVTTL" -to GPIO_0[27] -entity DE1_SoC was ignored
    Warning (20014): Assignment for entity set_instance_assignment -name IO_STANDARD "3.3-V LVTTL" -to GPIO_0[28] -entity DE1_SoC was ignored
    Warning (20014): Assignment for entity set_instance_assignment -name IO_STANDARD "3.3-V LVTTL" -to GPIO_0[29] -entity DE1_SoC was ignored
    Warning (20014): Assignment for entity set_instance_assignment -name IO_STANDARD "3.3-V LVTTL" -to GPIO_0[2] -entity DE1_SoC was ignored
    Warning (20014): Assignment for entity set_instance_assignment -name IO_STANDARD "3.3-V LVTTL" -to GPIO_0[30] -entity DE1_SoC was ignored
    Warning (20014): Assignment for entity set_instance_assignment -name IO_STANDARD "3.3-V LVTTL" -to GPIO_0[31] -entity DE1_SoC was ignored
    Warning (20014): Assignment for entity set_instance_assignment -name IO_STANDARD "3.3-V LVTTL" -to GPIO_0[32] -entity DE1_SoC was ignored
    Warning (20014): Assignment for entity set_instance_assignment -name IO_STANDARD "3.3-V LVTTL" -to GPIO_0[33] -entity DE1_SoC was ignored
    Warning (20014): Assignment for entity set_instance_assignment -name IO_STANDARD "3.3-V LVTTL" -to GPIO_0[34] -entity DE1_SoC was ignored
    Warning (20014): Assignment for entity set_instance_assignment -name IO_STANDARD "3.3-V LVTTL" -to GPIO_0[35] -entity DE1_SoC was ignored
    Warning (20014): Assignment for entity set_instance_assignment -name IO_STANDARD "3.3-V LVTTL" -to GPIO_0[3] -entity DE1_SoC was ignored
    Warning (20014): Assignment for entity set_instance_assignment -name IO_STANDARD "3.3-V LVTTL" -to GPIO_0[4] -entity DE1_SoC was ignored
    Warning (20014): Assignment for entity set_instance_assignment -name IO_STANDARD "3.3-V LVTTL" -to GPIO_0[5] -entity DE1_SoC was ignored
    Warning (20014): Assignment for entity set_instance_assignment -name IO_STANDARD "3.3-V LVTTL" -to GPIO_0[6] -entity DE1_SoC was ignored
    Warning (20014): Assignment for entity set_instance_assignment -name IO_STANDARD "3.3-V LVTTL" -to GPIO_0[7] -entity DE1_SoC was ignored
    Warning (20014): Assignment for entity set_instance_assignment -name IO_STANDARD "3.3-V LVTTL" -to GPIO_0[8] -entity DE1_SoC was ignored
    Warning (20014): Assignment for entity set_instance_assignment -name IO_STANDARD "3.3-V LVTTL" -to GPIO_0[9] -entity DE1_SoC was ignored
    Warning (20014): Assignment for entity set_instance_assignment -name IO_STANDARD "3.3-V LVTTL" -to GPIO_1[0] -entity DE1_SoC was ignored
    Warning (20014): Assignment for entity set_instance_assignment -name IO_STANDARD "3.3-V LVTTL" -to GPIO_1[10] -entity DE1_SoC was ignored
    Warning (20014): Assignment for entity set_instance_assignment -name IO_STANDARD "3.3-V LVTTL" -to GPIO_1[11] -entity DE1_SoC was ignored
    Warning (20014): Assignment for entity set_instance_assignment -name IO_STANDARD "3.3-V LVTTL" -to GPIO_1[12] -entity DE1_SoC was ignored
    Warning (20014): Assignment for entity set_instance_assignment -name IO_STANDARD "3.3-V LVTTL" -to GPIO_1[13] -entity DE1_SoC was ignored
    Warning (20014): Assignment for entity set_instance_assignment -name IO_STANDARD "3.3-V LVTTL" -to GPIO_1[14] -entity DE1_SoC was ignored
    Warning (20014): Assignment for entity set_instance_assignment -name IO_STANDARD "3.3-V LVTTL" -to GPIO_1[15] -entity DE1_SoC was ignored
    Warning (20014): Assignment for entity set_instance_assignment -name IO_STANDARD "3.3-V LVTTL" -to GPIO_1[16] -entity DE1_SoC was ignored
    Warning (20014): Assignment for entity set_instance_assignment -name IO_STANDARD "3.3-V LVTTL" -to GPIO_1[17] -entity DE1_SoC was ignored
    Warning (20014): Assignment for entity set_instance_assignment -name IO_STANDARD "3.3-V LVTTL" -to GPIO_1[18] -entity DE1_SoC was ignored
    Warning (20014): Assignment for entity set_instance_assignment -name IO_STANDARD "3.3-V LVTTL" -to GPIO_1[19] -entity DE1_SoC was ignored
    Warning (20014): Assignment for entity set_instance_assignment -name IO_STANDARD "3.3-V LVTTL" -to GPIO_1[1] -entity DE1_SoC was ignored
    Warning (20014): Assignment for entity set_instance_assignment -name IO_STANDARD "3.3-V LVTTL" -to GPIO_1[20] -entity DE1_SoC was ignored
    Warning (20014): Assignment for entity set_instance_assignment -name IO_STANDARD "3.3-V LVTTL" -to GPIO_1[21] -entity DE1_SoC was ignored
    Warning (20014): Assignment for entity set_instance_assignment -name IO_STANDARD "3.3-V LVTTL" -to GPIO_1[22] -entity DE1_SoC was ignored
    Warning (20014): Assignment for entity set_instance_assignment -name IO_STANDARD "3.3-V LVTTL" -to GPIO_1[23] -entity DE1_SoC was ignored
    Warning (20014): Assignment for entity set_instance_assignment -name IO_STANDARD "3.3-V LVTTL" -to GPIO_1[24] -entity DE1_SoC was ignored
    Warning (20014): Assignment for entity set_instance_assignment -name IO_STANDARD "3.3-V LVTTL" -to GPIO_1[25] -entity DE1_SoC was ignored
    Warning (20014): Assignment for entity set_instance_assignment -name IO_STANDARD "3.3-V LVTTL" -to GPIO_1[26] -entity DE1_SoC was ignored
    Warning (20014): Assignment for entity set_instance_assignment -name IO_STANDARD "3.3-V LVTTL" -to GPIO_1[27] -entity DE1_SoC was ignored
    Warning (20014): Assignment for entity set_instance_assignment -name IO_STANDARD "3.3-V LVTTL" -to GPIO_1[28] -entity DE1_SoC was ignored
    Warning (20014): Assignment for entity set_instance_assignment -name IO_STANDARD "3.3-V LVTTL" -to GPIO_1[29] -entity DE1_SoC was ignored
    Warning (20014): Assignment for entity set_instance_assignment -name IO_STANDARD "3.3-V LVTTL" -to GPIO_1[2] -entity DE1_SoC was ignored
    Warning (20014): Assignment for entity set_instance_assignment -name IO_STANDARD "3.3-V LVTTL" -to GPIO_1[30] -entity DE1_SoC was ignored
    Warning (20014): Assignment for entity set_instance_assignment -name IO_STANDARD "3.3-V LVTTL" -to GPIO_1[31] -entity DE1_SoC was ignored
    Warning (20014): Assignment for entity set_instance_assignment -name IO_STANDARD "3.3-V LVTTL" -to GPIO_1[32] -entity DE1_SoC was ignored
    Warning (20014): Assignment for entity set_instance_assignment -name IO_STANDARD "3.3-V LVTTL" -to GPIO_1[33] -entity DE1_SoC was ignored
    Warning (20014): Assignment for entity set_instance_assignment -name IO_STANDARD "3.3-V LVTTL" -to GPIO_1[34] -entity DE1_SoC was ignored
    Warning (20014): Assignment for entity set_instance_assignment -name IO_STANDARD "3.3-V LVTTL" -to GPIO_1[35] -entity DE1_SoC was ignored
    Warning (20014): Assignment for entity set_instance_assignment -name IO_STANDARD "3.3-V LVTTL" -to GPIO_1[3] -entity DE1_SoC was ignored
    Warning (20014): Assignment for entity set_instance_assignment -name IO_STANDARD "3.3-V LVTTL" -to GPIO_1[4] -entity DE1_SoC was ignored
    Warning (20014): Assignment for entity set_instance_assignment -name IO_STANDARD "3.3-V LVTTL" -to GPIO_1[5] -entity DE1_SoC was ignored
    Warning (20014): Assignment for entity set_instance_assignment -name IO_STANDARD "3.3-V LVTTL" -to GPIO_1[6] -entity DE1_SoC was ignored
    Warning (20014): Assignment for entity set_instance_assignment -name IO_STANDARD "3.3-V LVTTL" -to GPIO_1[7] -entity DE1_SoC was ignored
    Warning (20014): Assignment for entity set_instance_assignment -name IO_STANDARD "3.3-V LVTTL" -to GPIO_1[8] -entity DE1_SoC was ignored
    Warning (20014): Assignment for entity set_instance_assignment -name IO_STANDARD "3.3-V LVTTL" -to GPIO_1[9] -entity DE1_SoC was ignored
    Warning (20014): Assignment for entity set_instance_assignment -name IO_STANDARD "3.3-V LVTTL" -to HEX0[0] -entity DE1_SoC was ignored
    Warning (20014): Assignment for entity set_instance_assignment -name IO_STANDARD "3.3-V LVTTL" -to HEX0[1] -entity DE1_SoC was ignored
    Warning (20014): Assignment for entity set_instance_assignment -name IO_STANDARD "3.3-V LVTTL" -to HEX0[2] -entity DE1_SoC was ignored
    Warning (20014): Assignment for entity set_instance_assignment -name IO_STANDARD "3.3-V LVTTL" -to HEX0[3] -entity DE1_SoC was ignored
    Warning (20014): Assignment for entity set_instance_assignment -name IO_STANDARD "3.3-V LVTTL" -to HEX0[4] -entity DE1_SoC was ignored
    Warning (20014): Assignment for entity set_instance_assignment -name IO_STANDARD "3.3-V LVTTL" -to HEX0[5] -entity DE1_SoC was ignored
    Warning (20014): Assignment for entity set_instance_assignment -name IO_STANDARD "3.3-V LVTTL" -to HEX0[6] -entity DE1_SoC was ignored
    Warning (20014): Assignment for entity set_instance_assignment -name IO_STANDARD "3.3-V LVTTL" -to HEX1[0] -entity DE1_SoC was ignored
    Warning (20014): Assignment for entity set_instance_assignment -name IO_STANDARD "3.3-V LVTTL" -to HEX1[1] -entity DE1_SoC was ignored
    Warning (20014): Assignment for entity set_instance_assignment -name IO_STANDARD "3.3-V LVTTL" -to HEX1[2] -entity DE1_SoC was ignored
    Warning (20014): Assignment for entity set_instance_assignment -name IO_STANDARD "3.3-V LVTTL" -to HEX1[3] -entity DE1_SoC was ignored
    Warning (20014): Assignment for entity set_instance_assignment -name IO_STANDARD "3.3-V LVTTL" -to HEX1[4] -entity DE1_SoC was ignored
    Warning (20014): Assignment for entity set_instance_assignment -name IO_STANDARD "3.3-V LVTTL" -to HEX1[5] -entity DE1_SoC was ignored
    Warning (20014): Assignment for entity set_instance_assignment -name IO_STANDARD "3.3-V LVTTL" -to HEX1[6] -entity DE1_SoC was ignored
    Warning (20014): Assignment for entity set_instance_assignment -name IO_STANDARD "3.3-V LVTTL" -to HEX2[0] -entity DE1_SoC was ignored
    Warning (20014): Assignment for entity set_instance_assignment -name IO_STANDARD "3.3-V LVTTL" -to HEX2[1] -entity DE1_SoC was ignored
    Warning (20014): Assignment for entity set_instance_assignment -name IO_STANDARD "3.3-V LVTTL" -to HEX2[2] -entity DE1_SoC was ignored
    Warning (20014): Assignment for entity set_instance_assignment -name IO_STANDARD "3.3-V LVTTL" -to HEX2[3] -entity DE1_SoC was ignored
    Warning (20014): Assignment for entity set_instance_assignment -name IO_STANDARD "3.3-V LVTTL" -to HEX2[4] -entity DE1_SoC was ignored
    Warning (20014): Assignment for entity set_instance_assignment -name IO_STANDARD "3.3-V LVTTL" -to HEX2[5] -entity DE1_SoC was ignored
    Warning (20014): Assignment for entity set_instance_assignment -name IO_STANDARD "3.3-V LVTTL" -to HEX2[6] -entity DE1_SoC was ignored
    Warning (20014): Assignment for entity set_instance_assignment -name IO_STANDARD "3.3-V LVTTL" -to HEX3[0] -entity DE1_SoC was ignored
    Warning (20014): Assignment for entity set_instance_assignment -name IO_STANDARD "3.3-V LVTTL" -to HEX3[1] -entity DE1_SoC was ignored
    Warning (20014): Assignment for entity set_instance_assignment -name IO_STANDARD "3.3-V LVTTL" -to HEX3[2] -entity DE1_SoC was ignored
    Warning (20014): Assignment for entity set_instance_assignment -name IO_STANDARD "3.3-V LVTTL" -to HEX3[3] -entity DE1_SoC was ignored
    Warning (20014): Assignment for entity set_instance_assignment -name IO_STANDARD "3.3-V LVTTL" -to HEX3[4] -entity DE1_SoC was ignored
    Warning (20014): Assignment for entity set_instance_assignment -name IO_STANDARD "3.3-V LVTTL" -to HEX3[5] -entity DE1_SoC was ignored
    Warning (20014): Assignment for entity set_instance_assignment -name IO_STANDARD "3.3-V LVTTL" -to HEX3[6] -entity DE1_SoC was ignored
    Warning (20014): Assignment for entity set_instance_assignment -name IO_STANDARD "3.3-V LVTTL" -to HEX4[0] -entity DE1_SoC was ignored
    Warning (20014): Assignment for entity set_instance_assignment -name IO_STANDARD "3.3-V LVTTL" -to HEX4[1] -entity DE1_SoC was ignored
    Warning (20014): Assignment for entity set_instance_assignment -name IO_STANDARD "3.3-V LVTTL" -to HEX4[2] -entity DE1_SoC was ignored
    Warning (20014): Assignment for entity set_instance_assignment -name IO_STANDARD "3.3-V LVTTL" -to HEX4[3] -entity DE1_SoC was ignored
    Warning (20014): Assignment for entity set_instance_assignment -name IO_STANDARD "3.3-V LVTTL" -to HEX4[4] -entity DE1_SoC was ignored
    Warning (20014): Assignment for entity set_instance_assignment -name IO_STANDARD "3.3-V LVTTL" -to HEX4[5] -entity DE1_SoC was ignored
    Warning (20014): Assignment for entity set_instance_assignment -name IO_STANDARD "3.3-V LVTTL" -to HEX4[6] -entity DE1_SoC was ignored
    Warning (20014): Assignment for entity set_instance_assignment -name IO_STANDARD "3.3-V LVTTL" -to HEX5[0] -entity DE1_SoC was ignored
    Warning (20014): Assignment for entity set_instance_assignment -name IO_STANDARD "3.3-V LVTTL" -to HEX5[1] -entity DE1_SoC was ignored
    Warning (20014): Assignment for entity set_instance_assignment -name IO_STANDARD "3.3-V LVTTL" -to HEX5[2] -entity DE1_SoC was ignored
    Warning (20014): Assignment for entity set_instance_assignment -name IO_STANDARD "3.3-V LVTTL" -to HEX5[3] -entity DE1_SoC was ignored
    Warning (20014): Assignment for entity set_instance_assignment -name IO_STANDARD "3.3-V LVTTL" -to HEX5[4] -entity DE1_SoC was ignored
    Warning (20014): Assignment for entity set_instance_assignment -name IO_STANDARD "3.3-V LVTTL" -to HEX5[5] -entity DE1_SoC was ignored
    Warning (20014): Assignment for entity set_instance_assignment -name IO_STANDARD "3.3-V LVTTL" -to HEX5[6] -entity DE1_SoC was ignored
    Warning (20014): Assignment for entity set_instance_assignment -name IO_STANDARD "3.3-V LVTTL" -to HPS_CONV_USB_N -entity DE1_SoC was ignored
    Warning (20014): Assignment for entity set_instance_assignment -name IO_STANDARD "SSTL-15 CLASS I" -to HPS_DDR3_ADDR[0] -entity DE1_SoC was ignored
    Warning (20014): Assignment for entity set_instance_assignment -name IO_STANDARD "SSTL-15 CLASS I" -to HPS_DDR3_ADDR[10] -entity DE1_SoC was ignored
    Warning (20014): Assignment for entity set_instance_assignment -name IO_STANDARD "SSTL-15 CLASS I" -to HPS_DDR3_ADDR[11] -entity DE1_SoC was ignored
    Warning (20014): Assignment for entity set_instance_assignment -name IO_STANDARD "SSTL-15 CLASS I" -to HPS_DDR3_ADDR[12] -entity DE1_SoC was ignored
    Warning (20014): Assignment for entity set_instance_assignment -name IO_STANDARD "SSTL-15 CLASS I" -to HPS_DDR3_ADDR[13] -entity DE1_SoC was ignored
    Warning (20014): Assignment for entity set_instance_assignment -name IO_STANDARD "SSTL-15 CLASS I" -to HPS_DDR3_ADDR[14] -entity DE1_SoC was ignored
    Warning (20014): Assignment for entity set_instance_assignment -name IO_STANDARD "SSTL-15 CLASS I" -to HPS_DDR3_ADDR[1] -entity DE1_SoC was ignored
    Warning (20014): Assignment for entity set_instance_assignment -name IO_STANDARD "SSTL-15 CLASS I" -to HPS_DDR3_ADDR[2] -entity DE1_SoC was ignored
    Warning (20014): Assignment for entity set_instance_assignment -name IO_STANDARD "SSTL-15 CLASS I" -to HPS_DDR3_ADDR[3] -entity DE1_SoC was ignored
    Warning (20014): Assignment for entity set_instance_assignment -name IO_STANDARD "SSTL-15 CLASS I" -to HPS_DDR3_ADDR[4] -entity DE1_SoC was ignored
    Warning (20014): Assignment for entity set_instance_assignment -name IO_STANDARD "SSTL-15 CLASS I" -to HPS_DDR3_ADDR[5] -entity DE1_SoC was ignored
    Warning (20014): Assignment for entity set_instance_assignment -name IO_STANDARD "SSTL-15 CLASS I" -to HPS_DDR3_ADDR[6] -entity DE1_SoC was ignored
    Warning (20014): Assignment for entity set_instance_assignment -name IO_STANDARD "SSTL-15 CLASS I" -to HPS_DDR3_ADDR[7] -entity DE1_SoC was ignored
    Warning (20014): Assignment for entity set_instance_assignment -name IO_STANDARD "SSTL-15 CLASS I" -to HPS_DDR3_ADDR[8] -entity DE1_SoC was ignored
    Warning (20014): Assignment for entity set_instance_assignment -name IO_STANDARD "SSTL-15 CLASS I" -to HPS_DDR3_ADDR[9] -entity DE1_SoC was ignored
    Warning (20014): Assignment for entity set_instance_assignment -name IO_STANDARD "SSTL-15 CLASS I" -to HPS_DDR3_BA[0] -entity DE1_SoC was ignored
    Warning (20014): Assignment for entity set_instance_assignment -name IO_STANDARD "SSTL-15 CLASS I" -to HPS_DDR3_BA[1] -entity DE1_SoC was ignored
    Warning (20014): Assignment for entity set_instance_assignment -name IO_STANDARD "SSTL-15 CLASS I" -to HPS_DDR3_BA[2] -entity DE1_SoC was ignored
    Warning (20014): Assignment for entity set_instance_assignment -name IO_STANDARD "SSTL-15 CLASS I" -to HPS_DDR3_CAS_N -entity DE1_SoC was ignored
    Warning (20014): Assignment for entity set_instance_assignment -name IO_STANDARD "SSTL-15 CLASS I" -to HPS_DDR3_CKE -entity DE1_SoC was ignored
    Warning (20014): Assignment for entity set_instance_assignment -name IO_STANDARD "DIFFERENTIAL 1.5-V SSTL CLASS I" -to HPS_DDR3_CK_N -entity DE1_SoC was ignored
    Warning (20014): Assignment for entity set_instance_assignment -name IO_STANDARD "DIFFERENTIAL 1.5-V SSTL CLASS I" -to HPS_DDR3_CK_P -entity DE1_SoC was ignored
    Warning (20014): Assignment for entity set_instance_assignment -name IO_STANDARD "SSTL-15 CLASS I" -to HPS_DDR3_CS_N -entity DE1_SoC was ignored
    Warning (20014): Assignment for entity set_instance_assignment -name IO_STANDARD "SSTL-15 CLASS I" -to HPS_DDR3_DM[0] -entity DE1_SoC was ignored
    Warning (20014): Assignment for entity set_instance_assignment -name IO_STANDARD "SSTL-15 CLASS I" -to HPS_DDR3_DM[1] -entity DE1_SoC was ignored
    Warning (20014): Assignment for entity set_instance_assignment -name IO_STANDARD "SSTL-15 CLASS I" -to HPS_DDR3_DM[2] -entity DE1_SoC was ignored
    Warning (20014): Assignment for entity set_instance_assignment -name IO_STANDARD "SSTL-15 CLASS I" -to HPS_DDR3_DM[3] -entity DE1_SoC was ignored
    Warning (20014): Assignment for entity set_instance_assignment -name IO_STANDARD "DIFFERENTIAL 1.5-V SSTL CLASS I" -to HPS_DDR3_DQS_N[0] -entity DE1_SoC was ignored
    Warning (20014): Assignment for entity set_instance_assignment -name IO_STANDARD "DIFFERENTIAL 1.5-V SSTL CLASS I" -to HPS_DDR3_DQS_N[1] -entity DE1_SoC was ignored
    Warning (20014): Assignment for entity set_instance_assignment -name IO_STANDARD "DIFFERENTIAL 1.5-V SSTL CLASS I" -to HPS_DDR3_DQS_N[2] -entity DE1_SoC was ignored
    Warning (20014): Assignment for entity set_instance_assignment -name IO_STANDARD "DIFFERENTIAL 1.5-V SSTL CLASS I" -to HPS_DDR3_DQS_N[3] -entity DE1_SoC was ignored
    Warning (20014): Assignment for entity set_instance_assignment -name IO_STANDARD "DIFFERENTIAL 1.5-V SSTL CLASS I" -to HPS_DDR3_DQS_P[0] -entity DE1_SoC was ignored
    Warning (20014): Assignment for entity set_instance_assignment -name IO_STANDARD "DIFFERENTIAL 1.5-V SSTL CLASS I" -to HPS_DDR3_DQS_P[1] -entity DE1_SoC was ignored
    Warning (20014): Assignment for entity set_instance_assignment -name IO_STANDARD "DIFFERENTIAL 1.5-V SSTL CLASS I" -to HPS_DDR3_DQS_P[2] -entity DE1_SoC was ignored
    Warning (20014): Assignment for entity set_instance_assignment -name IO_STANDARD "DIFFERENTIAL 1.5-V SSTL CLASS I" -to HPS_DDR3_DQS_P[3] -entity DE1_SoC was ignored
    Warning (20014): Assignment for entity set_instance_assignment -name IO_STANDARD "SSTL-15 CLASS I" -to HPS_DDR3_DQ[0] -entity DE1_SoC was ignored
    Warning (20014): Assignment for entity set_instance_assignment -name IO_STANDARD "SSTL-15 CLASS I" -to HPS_DDR3_DQ[10] -entity DE1_SoC was ignored
    Warning (20014): Assignment for entity set_instance_assignment -name IO_STANDARD "SSTL-15 CLASS I" -to HPS_DDR3_DQ[11] -entity DE1_SoC was ignored
    Warning (20014): Assignment for entity set_instance_assignment -name IO_STANDARD "SSTL-15 CLASS I" -to HPS_DDR3_DQ[12] -entity DE1_SoC was ignored
    Warning (20014): Assignment for entity set_instance_assignment -name IO_STANDARD "SSTL-15 CLASS I" -to HPS_DDR3_DQ[13] -entity DE1_SoC was ignored
    Warning (20014): Assignment for entity set_instance_assignment -name IO_STANDARD "SSTL-15 CLASS I" -to HPS_DDR3_DQ[14] -entity DE1_SoC was ignored
    Warning (20014): Assignment for entity set_instance_assignment -name IO_STANDARD "SSTL-15 CLASS I" -to HPS_DDR3_DQ[15] -entity DE1_SoC was ignored
    Warning (20014): Assignment for entity set_instance_assignment -name IO_STANDARD "SSTL-15 CLASS I" -to HPS_DDR3_DQ[16] -entity DE1_SoC was ignored
    Warning (20014): Assignment for entity set_instance_assignment -name IO_STANDARD "SSTL-15 CLASS I" -to HPS_DDR3_DQ[17] -entity DE1_SoC was ignored
    Warning (20014): Assignment for entity set_instance_assignment -name IO_STANDARD "SSTL-15 CLASS I" -to HPS_DDR3_DQ[18] -entity DE1_SoC was ignored
    Warning (20014): Assignment for entity set_instance_assignment -name IO_STANDARD "SSTL-15 CLASS I" -to HPS_DDR3_DQ[19] -entity DE1_SoC was ignored
    Warning (20014): Assignment for entity set_instance_assignment -name IO_STANDARD "SSTL-15 CLASS I" -to HPS_DDR3_DQ[1] -entity DE1_SoC was ignored
    Warning (20014): Assignment for entity set_instance_assignment -name IO_STANDARD "SSTL-15 CLASS I" -to HPS_DDR3_DQ[20] -entity DE1_SoC was ignored
    Warning (20014): Assignment for entity set_instance_assignment -name IO_STANDARD "SSTL-15 CLASS I" -to HPS_DDR3_DQ[21] -entity DE1_SoC was ignored
    Warning (20014): Assignment for entity set_instance_assignment -name IO_STANDARD "SSTL-15 CLASS I" -to HPS_DDR3_DQ[22] -entity DE1_SoC was ignored
    Warning (20014): Assignment for entity set_instance_assignment -name IO_STANDARD "SSTL-15 CLASS I" -to HPS_DDR3_DQ[23] -entity DE1_SoC was ignored
    Warning (20014): Assignment for entity set_instance_assignment -name IO_STANDARD "SSTL-15 CLASS I" -to HPS_DDR3_DQ[24] -entity DE1_SoC was ignored
    Warning (20014): Assignment for entity set_instance_assignment -name IO_STANDARD "SSTL-15 CLASS I" -to HPS_DDR3_DQ[25] -entity DE1_SoC was ignored
    Warning (20014): Assignment for entity set_instance_assignment -name IO_STANDARD "SSTL-15 CLASS I" -to HPS_DDR3_DQ[26] -entity DE1_SoC was ignored
    Warning (20014): Assignment for entity set_instance_assignment -name IO_STANDARD "SSTL-15 CLASS I" -to HPS_DDR3_DQ[27] -entity DE1_SoC was ignored
    Warning (20014): Assignment for entity set_instance_assignment -name IO_STANDARD "SSTL-15 CLASS I" -to HPS_DDR3_DQ[28] -entity DE1_SoC was ignored
    Warning (20014): Assignment for entity set_instance_assignment -name IO_STANDARD "SSTL-15 CLASS I" -to HPS_DDR3_DQ[29] -entity DE1_SoC was ignored
    Warning (20014): Assignment for entity set_instance_assignment -name IO_STANDARD "SSTL-15 CLASS I" -to HPS_DDR3_DQ[2] -entity DE1_SoC was ignored
    Warning (20014): Assignment for entity set_instance_assignment -name IO_STANDARD "SSTL-15 CLASS I" -to HPS_DDR3_DQ[30] -entity DE1_SoC was ignored
    Warning (20014): Assignment for entity set_instance_assignment -name IO_STANDARD "SSTL-15 CLASS I" -to HPS_DDR3_DQ[31] -entity DE1_SoC was ignored
    Warning (20014): Assignment for entity set_instance_assignment -name IO_STANDARD "SSTL-15 CLASS I" -to HPS_DDR3_DQ[3] -entity DE1_SoC was ignored
    Warning (20014): Assignment for entity set_instance_assignment -name IO_STANDARD "SSTL-15 CLASS I" -to HPS_DDR3_DQ[4] -entity DE1_SoC was ignored
    Warning (20014): Assignment for entity set_instance_assignment -name IO_STANDARD "SSTL-15 CLASS I" -to HPS_DDR3_DQ[5] -entity DE1_SoC was ignored
    Warning (20014): Assignment for entity set_instance_assignment -name IO_STANDARD "SSTL-15 CLASS I" -to HPS_DDR3_DQ[6] -entity DE1_SoC was ignored
    Warning (20014): Assignment for entity set_instance_assignment -name IO_STANDARD "SSTL-15 CLASS I" -to HPS_DDR3_DQ[7] -entity DE1_SoC was ignored
    Warning (20014): Assignment for entity set_instance_assignment -name IO_STANDARD "SSTL-15 CLASS I" -to HPS_DDR3_DQ[8] -entity DE1_SoC was ignored
    Warning (20014): Assignment for entity set_instance_assignment -name IO_STANDARD "SSTL-15 CLASS I" -to HPS_DDR3_DQ[9] -entity DE1_SoC was ignored
    Warning (20014): Assignment for entity set_instance_assignment -name IO_STANDARD "SSTL-15 CLASS I" -to HPS_DDR3_ODT -entity DE1_SoC was ignored
    Warning (20014): Assignment for entity set_instance_assignment -name IO_STANDARD "SSTL-15 CLASS I" -to HPS_DDR3_RAS_N -entity DE1_SoC was ignored
    Warning (20014): Assignment for entity set_instance_assignment -name IO_STANDARD "SSTL-15 CLASS I" -to HPS_DDR3_RESET_N -entity DE1_SoC was ignored
    Warning (20014): Assignment for entity set_instance_assignment -name IO_STANDARD "SSTL-15 CLASS I" -to HPS_DDR3_RZQ -entity DE1_SoC was ignored
    Warning (20014): Assignment for entity set_instance_assignment -name IO_STANDARD "SSTL-15 CLASS I" -to HPS_DDR3_WE_N -entity DE1_SoC was ignored
    Warning (20014): Assignment for entity set_instance_assignment -name IO_STANDARD "3.3-V LVTTL" -to HPS_ENET_GTX_CLK -entity DE1_SoC was ignored
    Warning (20014): Assignment for entity set_instance_assignment -name IO_STANDARD "3.3-V LVTTL" -to HPS_ENET_INT_N -entity DE1_SoC was ignored
    Warning (20014): Assignment for entity set_instance_assignment -name IO_STANDARD "3.3-V LVTTL" -to HPS_ENET_MDC -entity DE1_SoC was ignored
    Warning (20014): Assignment for entity set_instance_assignment -name IO_STANDARD "3.3-V LVTTL" -to HPS_ENET_MDIO -entity DE1_SoC was ignored
    Warning (20014): Assignment for entity set_instance_assignment -name IO_STANDARD "3.3-V LVTTL" -to HPS_ENET_RX_CLK -entity DE1_SoC was ignored
    Warning (20014): Assignment for entity set_instance_assignment -name IO_STANDARD "3.3-V LVTTL" -to HPS_ENET_RX_DATA[0] -entity DE1_SoC was ignored
    Warning (20014): Assignment for entity set_instance_assignment -name IO_STANDARD "3.3-V LVTTL" -to HPS_ENET_RX_DATA[1] -entity DE1_SoC was ignored
    Warning (20014): Assignment for entity set_instance_assignment -name IO_STANDARD "3.3-V LVTTL" -to HPS_ENET_RX_DATA[2] -entity DE1_SoC was ignored
    Warning (20014): Assignment for entity set_instance_assignment -name IO_STANDARD "3.3-V LVTTL" -to HPS_ENET_RX_DATA[3] -entity DE1_SoC was ignored
    Warning (20014): Assignment for entity set_instance_assignment -name IO_STANDARD "3.3-V LVTTL" -to HPS_ENET_RX_DV -entity DE1_SoC was ignored
    Warning (20014): Assignment for entity set_instance_assignment -name IO_STANDARD "3.3-V LVTTL" -to HPS_ENET_TX_DATA[0] -entity DE1_SoC was ignored
    Warning (20014): Assignment for entity set_instance_assignment -name IO_STANDARD "3.3-V LVTTL" -to HPS_ENET_TX_DATA[1] -entity DE1_SoC was ignored
    Warning (20014): Assignment for entity set_instance_assignment -name IO_STANDARD "3.3-V LVTTL" -to HPS_ENET_TX_DATA[2] -entity DE1_SoC was ignored
    Warning (20014): Assignment for entity set_instance_assignment -name IO_STANDARD "3.3-V LVTTL" -to HPS_ENET_TX_DATA[3] -entity DE1_SoC was ignored
    Warning (20014): Assignment for entity set_instance_assignment -name IO_STANDARD "3.3-V LVTTL" -to HPS_ENET_TX_EN -entity DE1_SoC was ignored
    Warning (20014): Assignment for entity set_instance_assignment -name IO_STANDARD "3.3-V LVTTL" -to HPS_FLASH_DATA[0] -entity DE1_SoC was ignored
    Warning (20014): Assignment for entity set_instance_assignment -name IO_STANDARD "3.3-V LVTTL" -to HPS_FLASH_DATA[1] -entity DE1_SoC was ignored
    Warning (20014): Assignment for entity set_instance_assignment -name IO_STANDARD "3.3-V LVTTL" -to HPS_FLASH_DATA[2] -entity DE1_SoC was ignored
    Warning (20014): Assignment for entity set_instance_assignment -name IO_STANDARD "3.3-V LVTTL" -to HPS_FLASH_DATA[3] -entity DE1_SoC was ignored
    Warning (20014): Assignment for entity set_instance_assignment -name IO_STANDARD "3.3-V LVTTL" -to HPS_FLASH_DCLK -entity DE1_SoC was ignored
    Warning (20014): Assignment for entity set_instance_assignment -name IO_STANDARD "3.3-V LVTTL" -to HPS_FLASH_NCSO -entity DE1_SoC was ignored
    Warning (20014): Assignment for entity set_instance_assignment -name IO_STANDARD "3.3-V LVTTL" -to HPS_GPIO[0] -entity DE1_SoC was ignored
    Warning (20014): Assignment for entity set_instance_assignment -name IO_STANDARD "3.3-V LVTTL" -to HPS_GPIO[1] -entity DE1_SoC was ignored
    Warning (20014): Assignment for entity set_instance_assignment -name IO_STANDARD "3.3-V LVTTL" -to HPS_GSENSOR_INT -entity DE1_SoC was ignored
    Warning (20014): Assignment for entity set_instance_assignment -name IO_STANDARD "3.3-V LVTTL" -to HPS_I2C1_SCLK -entity DE1_SoC was ignored
    Warning (20014): Assignment for entity set_instance_assignment -name IO_STANDARD "3.3-V LVTTL" -to HPS_I2C1_SDAT -entity DE1_SoC was ignored
    Warning (20014): Assignment for entity set_instance_assignment -name IO_STANDARD "3.3-V LVTTL" -to HPS_I2C2_SCLK -entity DE1_SoC was ignored
    Warning (20014): Assignment for entity set_instance_assignment -name IO_STANDARD "3.3-V LVTTL" -to HPS_I2C2_SDAT -entity DE1_SoC was ignored
    Warning (20014): Assignment for entity set_instance_assignment -name IO_STANDARD "3.3-V LVTTL" -to HPS_I2C_CONTROL -entity DE1_SoC was ignored
    Warning (20014): Assignment for entity set_instance_assignment -name IO_STANDARD "3.3-V LVTTL" -to HPS_KEY -entity DE1_SoC was ignored
    Warning (20014): Assignment for entity set_instance_assignment -name IO_STANDARD "3.3-V LVTTL" -to HPS_LED -entity DE1_SoC was ignored
    Warning (20014): Assignment for entity set_instance_assignment -name IO_STANDARD "3.3-V LVTTL" -to HPS_LTC_GPIO -entity DE1_SoC was ignored
    Warning (20014): Assignment for entity set_instance_assignment -name IO_STANDARD "3.3-V LVTTL" -to HPS_SD_CLK -entity DE1_SoC was ignored
    Warning (20014): Assignment for entity set_instance_assignment -name IO_STANDARD "3.3-V LVTTL" -to HPS_SD_CMD -entity DE1_SoC was ignored
    Warning (20014): Assignment for entity set_instance_assignment -name IO_STANDARD "3.3-V LVTTL" -to HPS_SD_DATA[0] -entity DE1_SoC was ignored
    Warning (20014): Assignment for entity set_instance_assignment -name IO_STANDARD "3.3-V LVTTL" -to HPS_SD_DATA[1] -entity DE1_SoC was ignored
    Warning (20014): Assignment for entity set_instance_assignment -name IO_STANDARD "3.3-V LVTTL" -to HPS_SD_DATA[2] -entity DE1_SoC was ignored
    Warning (20014): Assignment for entity set_instance_assignment -name IO_STANDARD "3.3-V LVTTL" -to HPS_SD_DATA[3] -entity DE1_SoC was ignored
    Warning (20014): Assignment for entity set_instance_assignment -name IO_STANDARD "3.3-V LVTTL" -to HPS_SPIM_CLK -entity DE1_SoC was ignored
    Warning (20014): Assignment for entity set_instance_assignment -name IO_STANDARD "3.3-V LVTTL" -to HPS_SPIM_MISO -entity DE1_SoC was ignored
    Warning (20014): Assignment for entity set_instance_assignment -name IO_STANDARD "3.3-V LVTTL" -to HPS_SPIM_MOSI -entity DE1_SoC was ignored
    Warning (20014): Assignment for entity set_instance_assignment -name IO_STANDARD "3.3-V LVTTL" -to HPS_SPIM_SS -entity DE1_SoC was ignored
    Warning (20014): Assignment for entity set_instance_assignment -name IO_STANDARD "3.3-V LVTTL" -to HPS_UART_RX -entity DE1_SoC was ignored
    Warning (20014): Assignment for entity set_instance_assignment -name IO_STANDARD "3.3-V LVTTL" -to HPS_UART_TX -entity DE1_SoC was ignored
    Warning (20014): Assignment for entity set_instance_assignment -name IO_STANDARD "3.3-V LVTTL" -to HPS_USB_CLKOUT -entity DE1_SoC was ignored
    Warning (20014): Assignment for entity set_instance_assignment -name IO_STANDARD "3.3-V LVTTL" -to HPS_USB_DATA[0] -entity DE1_SoC was ignored
    Warning (20014): Assignment for entity set_instance_assignment -name IO_STANDARD "3.3-V LVTTL" -to HPS_USB_DATA[1] -entity DE1_SoC was ignored
    Warning (20014): Assignment for entity set_instance_assignment -name IO_STANDARD "3.3-V LVTTL" -to HPS_USB_DATA[2] -entity DE1_SoC was ignored
    Warning (20014): Assignment for entity set_instance_assignment -name IO_STANDARD "3.3-V LVTTL" -to HPS_USB_DATA[3] -entity DE1_SoC was ignored
    Warning (20014): Assignment for entity set_instance_assignment -name IO_STANDARD "3.3-V LVTTL" -to HPS_USB_DATA[4] -entity DE1_SoC was ignored
    Warning (20014): Assignment for entity set_instance_assignment -name IO_STANDARD "3.3-V LVTTL" -to HPS_USB_DATA[5] -entity DE1_SoC was ignored
    Warning (20014): Assignment for entity set_instance_assignment -name IO_STANDARD "3.3-V LVTTL" -to HPS_USB_DATA[6] -entity DE1_SoC was ignored
    Warning (20014): Assignment for entity set_instance_assignment -name IO_STANDARD "3.3-V LVTTL" -to HPS_USB_DATA[7] -entity DE1_SoC was ignored
    Warning (20014): Assignment for entity set_instance_assignment -name IO_STANDARD "3.3-V LVTTL" -to HPS_USB_DIR -entity DE1_SoC was ignored
    Warning (20014): Assignment for entity set_instance_assignment -name IO_STANDARD "3.3-V LVTTL" -to HPS_USB_NXT -entity DE1_SoC was ignored
    Warning (20014): Assignment for entity set_instance_assignment -name IO_STANDARD "3.3-V LVTTL" -to HPS_USB_STP -entity DE1_SoC was ignored
    Warning (20014): Assignment for entity set_instance_assignment -name IO_STANDARD "3.3-V LVTTL" -to IRDA_RXD -entity DE1_SoC was ignored
    Warning (20014): Assignment for entity set_instance_assignment -name IO_STANDARD "3.3-V LVTTL" -to IRDA_TXD -entity DE1_SoC was ignored
    Warning (20014): Assignment for entity set_instance_assignment -name IO_STANDARD "3.3-V LVTTL" -to KEY[0] -entity DE1_SoC was ignored
    Warning (20014): Assignment for entity set_instance_assignment -name IO_STANDARD "3.3-V LVTTL" -to KEY[1] -entity DE1_SoC was ignored
    Warning (20014): Assignment for entity set_instance_assignment -name IO_STANDARD "3.3-V LVTTL" -to KEY[2] -entity DE1_SoC was ignored
    Warning (20014): Assignment for entity set_instance_assignment -name IO_STANDARD "3.3-V LVTTL" -to KEY[3] -entity DE1_SoC was ignored
    Warning (20014): Assignment for entity set_instance_assignment -name IO_STANDARD "3.3-V LVTTL" -to LEDR[0] -entity DE1_SoC was ignored
    Warning (20014): Assignment for entity set_instance_assignment -name IO_STANDARD "3.3-V LVTTL" -to LEDR[1] -entity DE1_SoC was ignored
    Warning (20014): Assignment for entity set_instance_assignment -name IO_STANDARD "3.3-V LVTTL" -to LEDR[2] -entity DE1_SoC was ignored
    Warning (20014): Assignment for entity set_instance_assignment -name IO_STANDARD "3.3-V LVTTL" -to LEDR[3] -entity DE1_SoC was ignored
    Warning (20014): Assignment for entity set_instance_assignment -name IO_STANDARD "3.3-V LVTTL" -to LEDR[4] -entity DE1_SoC was ignored
    Warning (20014): Assignment for entity set_instance_assignment -name IO_STANDARD "3.3-V LVTTL" -to LEDR[5] -entity DE1_SoC was ignored
    Warning (20014): Assignment for entity set_instance_assignment -name IO_STANDARD "3.3-V LVTTL" -to LEDR[6] -entity DE1_SoC was ignored
    Warning (20014): Assignment for entity set_instance_assignment -name IO_STANDARD "3.3-V LVTTL" -to LEDR[7] -entity DE1_SoC was ignored
    Warning (20014): Assignment for entity set_instance_assignment -name IO_STANDARD "3.3-V LVTTL" -to LEDR[8] -entity DE1_SoC was ignored
    Warning (20014): Assignment for entity set_instance_assignment -name IO_STANDARD "3.3-V LVTTL" -to LEDR[9] -entity DE1_SoC was ignored
    Warning (20014): Assignment for entity set_instance_assignment -name IO_STANDARD "3.3-V LVTTL" -to PS2_CLK -entity DE1_SoC was ignored
    Warning (20014): Assignment for entity set_instance_assignment -name IO_STANDARD "3.3-V LVTTL" -to PS2_CLK2 -entity DE1_SoC was ignored
    Warning (20014): Assignment for entity set_instance_assignment -name IO_STANDARD "3.3-V LVTTL" -to PS2_DAT -entity DE1_SoC was ignored
    Warning (20014): Assignment for entity set_instance_assignment -name IO_STANDARD "3.3-V LVTTL" -to PS2_DAT2 -entity DE1_SoC was ignored
    Warning (20014): Assignment for entity set_instance_assignment -name IO_STANDARD "3.3-V LVTTL" -to SW[0] -entity DE1_SoC was ignored
    Warning (20014): Assignment for entity set_instance_assignment -name IO_STANDARD "3.3-V LVTTL" -to SW[1] -entity DE1_SoC was ignored
    Warning (20014): Assignment for entity set_instance_assignment -name IO_STANDARD "3.3-V LVTTL" -to SW[2] -entity DE1_SoC was ignored
    Warning (20014): Assignment for entity set_instance_assignment -name IO_STANDARD "3.3-V LVTTL" -to SW[3] -entity DE1_SoC was ignored
    Warning (20014): Assignment for entity set_instance_assignment -name IO_STANDARD "3.3-V LVTTL" -to SW[4] -entity DE1_SoC was ignored
    Warning (20014): Assignment for entity set_instance_assignment -name IO_STANDARD "3.3-V LVTTL" -to SW[5] -entity DE1_SoC was ignored
    Warning (20014): Assignment for entity set_instance_assignment -name IO_STANDARD "3.3-V LVTTL" -to SW[6] -entity DE1_SoC was ignored
    Warning (20014): Assignment for entity set_instance_assignment -name IO_STANDARD "3.3-V LVTTL" -to SW[7] -entity DE1_SoC was ignored
    Warning (20014): Assignment for entity set_instance_assignment -name IO_STANDARD "3.3-V LVTTL" -to SW[8] -entity DE1_SoC was ignored
    Warning (20014): Assignment for entity set_instance_assignment -name IO_STANDARD "3.3-V LVTTL" -to SW[9] -entity DE1_SoC was ignored
    Warning (20014): Assignment for entity set_instance_assignment -name IO_STANDARD "3.3-V LVTTL" -to TD_CLK27 -entity DE1_SoC was ignored
    Warning (20014): Assignment for entity set_instance_assignment -name IO_STANDARD "3.3-V LVTTL" -to TD_DATA[0] -entity DE1_SoC was ignored
    Warning (20014): Assignment for entity set_instance_assignment -name IO_STANDARD "3.3-V LVTTL" -to TD_DATA[1] -entity DE1_SoC was ignored
    Warning (20014): Assignment for entity set_instance_assignment -name IO_STANDARD "3.3-V LVTTL" -to TD_DATA[2] -entity DE1_SoC was ignored
    Warning (20014): Assignment for entity set_instance_assignment -name IO_STANDARD "3.3-V LVTTL" -to TD_DATA[3] -entity DE1_SoC was ignored
    Warning (20014): Assignment for entity set_instance_assignment -name IO_STANDARD "3.3-V LVTTL" -to TD_DATA[4] -entity DE1_SoC was ignored
    Warning (20014): Assignment for entity set_instance_assignment -name IO_STANDARD "3.3-V LVTTL" -to TD_DATA[5] -entity DE1_SoC was ignored
    Warning (20014): Assignment for entity set_instance_assignment -name IO_STANDARD "3.3-V LVTTL" -to TD_DATA[6] -entity DE1_SoC was ignored
    Warning (20014): Assignment for entity set_instance_assignment -name IO_STANDARD "3.3-V LVTTL" -to TD_DATA[7] -entity DE1_SoC was ignored
    Warning (20014): Assignment for entity set_instance_assignment -name IO_STANDARD "3.3-V LVTTL" -to TD_HS -entity DE1_SoC was ignored
    Warning (20014): Assignment for entity set_instance_assignment -name IO_STANDARD "3.3-V LVTTL" -to TD_RESET_N -entity DE1_SoC was ignored
    Warning (20014): Assignment for entity set_instance_assignment -name IO_STANDARD "3.3-V LVTTL" -to TD_VS -entity DE1_SoC was ignored
    Warning (20014): Assignment for entity set_instance_assignment -name IO_STANDARD "3.3-V LVTTL" -to USB_B2_CLK -entity DE1_SoC was ignored
    Warning (20014): Assignment for entity set_instance_assignment -name IO_STANDARD "3.3-V LVTTL" -to USB_B2_DATA[0] -entity DE1_SoC was ignored
    Warning (20014): Assignment for entity set_instance_assignment -name IO_STANDARD "3.3-V LVTTL" -to USB_B2_DATA[1] -entity DE1_SoC was ignored
    Warning (20014): Assignment for entity set_instance_assignment -name IO_STANDARD "3.3-V LVTTL" -to USB_B2_DATA[2] -entity DE1_SoC was ignored
    Warning (20014): Assignment for entity set_instance_assignment -name IO_STANDARD "3.3-V LVTTL" -to USB_B2_DATA[3] -entity DE1_SoC was ignored
    Warning (20014): Assignment for entity set_instance_assignment -name IO_STANDARD "3.3-V LVTTL" -to USB_B2_DATA[4] -entity DE1_SoC was ignored
    Warning (20014): Assignment for entity set_instance_assignment -name IO_STANDARD "3.3-V LVTTL" -to USB_B2_DATA[5] -entity DE1_SoC was ignored
    Warning (20014): Assignment for entity set_instance_assignment -name IO_STANDARD "3.3-V LVTTL" -to USB_B2_DATA[6] -entity DE1_SoC was ignored
    Warning (20014): Assignment for entity set_instance_assignment -name IO_STANDARD "3.3-V LVTTL" -to USB_B2_DATA[7] -entity DE1_SoC was ignored
    Warning (20014): Assignment for entity set_instance_assignment -name IO_STANDARD "3.3-V LVTTL" -to USB_EMPTY -entity DE1_SoC was ignored
    Warning (20014): Assignment for entity set_instance_assignment -name IO_STANDARD "3.3-V LVTTL" -to USB_FULL -entity DE1_SoC was ignored
    Warning (20014): Assignment for entity set_instance_assignment -name IO_STANDARD "3.3-V LVTTL" -to USB_OE_N -entity DE1_SoC was ignored
    Warning (20014): Assignment for entity set_instance_assignment -name IO_STANDARD "3.3-V LVTTL" -to USB_RD_N -entity DE1_SoC was ignored
    Warning (20014): Assignment for entity set_instance_assignment -name IO_STANDARD "3.3-V LVTTL" -to USB_RESET_N -entity DE1_SoC was ignored
    Warning (20014): Assignment for entity set_instance_assignment -name IO_STANDARD "3.3-V LVTTL" -to USB_SCL -entity DE1_SoC was ignored
    Warning (20014): Assignment for entity set_instance_assignment -name IO_STANDARD "3.3-V LVTTL" -to USB_SDA -entity DE1_SoC was ignored
    Warning (20014): Assignment for entity set_instance_assignment -name IO_STANDARD "3.3-V LVTTL" -to USB_WR_N -entity DE1_SoC was ignored
    Warning (20014): Assignment for entity set_instance_assignment -name IO_STANDARD "3.3-V LVTTL" -to VGA_BLANK_N -entity DE1_SoC was ignored
    Warning (20014): Assignment for entity set_instance_assignment -name IO_STANDARD "3.3-V LVTTL" -to VGA_B[0] -entity DE1_SoC was ignored
    Warning (20014): Assignment for entity set_instance_assignment -name IO_STANDARD "3.3-V LVTTL" -to VGA_B[1] -entity DE1_SoC was ignored
    Warning (20014): Assignment for entity set_instance_assignment -name IO_STANDARD "3.3-V LVTTL" -to VGA_B[2] -entity DE1_SoC was ignored
    Warning (20014): Assignment for entity set_instance_assignment -name IO_STANDARD "3.3-V LVTTL" -to VGA_B[3] -entity DE1_SoC was ignored
    Warning (20014): Assignment for entity set_instance_assignment -name IO_STANDARD "3.3-V LVTTL" -to VGA_B[4] -entity DE1_SoC was ignored
    Warning (20014): Assignment for entity set_instance_assignment -name IO_STANDARD "3.3-V LVTTL" -to VGA_B[5] -entity DE1_SoC was ignored
    Warning (20014): Assignment for entity set_instance_assignment -name IO_STANDARD "3.3-V LVTTL" -to VGA_B[6] -entity DE1_SoC was ignored
    Warning (20014): Assignment for entity set_instance_assignment -name IO_STANDARD "3.3-V LVTTL" -to VGA_B[7] -entity DE1_SoC was ignored
    Warning (20014): Assignment for entity set_instance_assignment -name IO_STANDARD "3.3-V LVTTL" -to VGA_CLK -entity DE1_SoC was ignored
    Warning (20014): Assignment for entity set_instance_assignment -name IO_STANDARD "3.3-V LVTTL" -to VGA_G[0] -entity DE1_SoC was ignored
    Warning (20014): Assignment for entity set_instance_assignment -name IO_STANDARD "3.3-V LVTTL" -to VGA_G[1] -entity DE1_SoC was ignored
    Warning (20014): Assignment for entity set_instance_assignment -name IO_STANDARD "3.3-V LVTTL" -to VGA_G[2] -entity DE1_SoC was ignored
    Warning (20014): Assignment for entity set_instance_assignment -name IO_STANDARD "3.3-V LVTTL" -to VGA_G[3] -entity DE1_SoC was ignored
    Warning (20014): Assignment for entity set_instance_assignment -name IO_STANDARD "3.3-V LVTTL" -to VGA_G[4] -entity DE1_SoC was ignored
    Warning (20014): Assignment for entity set_instance_assignment -name IO_STANDARD "3.3-V LVTTL" -to VGA_G[5] -entity DE1_SoC was ignored
    Warning (20014): Assignment for entity set_instance_assignment -name IO_STANDARD "3.3-V LVTTL" -to VGA_G[6] -entity DE1_SoC was ignored
    Warning (20014): Assignment for entity set_instance_assignment -name IO_STANDARD "3.3-V LVTTL" -to VGA_G[7] -entity DE1_SoC was ignored
    Warning (20014): Assignment for entity set_instance_assignment -name IO_STANDARD "3.3-V LVTTL" -to VGA_HS -entity DE1_SoC was ignored
    Warning (20014): Assignment for entity set_instance_assignment -name IO_STANDARD "3.3-V LVTTL" -to VGA_R[0] -entity DE1_SoC was ignored
    Warning (20014): Assignment for entity set_instance_assignment -name IO_STANDARD "3.3-V LVTTL" -to VGA_R[1] -entity DE1_SoC was ignored
    Warning (20014): Assignment for entity set_instance_assignment -name IO_STANDARD "3.3-V LVTTL" -to VGA_R[2] -entity DE1_SoC was ignored
    Warning (20014): Assignment for entity set_instance_assignment -name IO_STANDARD "3.3-V LVTTL" -to VGA_R[3] -entity DE1_SoC was ignored
    Warning (20014): Assignment for entity set_instance_assignment -name IO_STANDARD "3.3-V LVTTL" -to VGA_R[4] -entity DE1_SoC was ignored
    Warning (20014): Assignment for entity set_instance_assignment -name IO_STANDARD "3.3-V LVTTL" -to VGA_R[5] -entity DE1_SoC was ignored
    Warning (20014): Assignment for entity set_instance_assignment -name IO_STANDARD "3.3-V LVTTL" -to VGA_R[6] -entity DE1_SoC was ignored
    Warning (20014): Assignment for entity set_instance_assignment -name IO_STANDARD "3.3-V LVTTL" -to VGA_R[7] -entity DE1_SoC was ignored
    Warning (20014): Assignment for entity set_instance_assignment -name IO_STANDARD "3.3-V LVTTL" -to VGA_SYNC_N -entity DE1_SoC was ignored
    Warning (20014): Assignment for entity set_instance_assignment -name IO_STANDARD "3.3-V LVTTL" -to VGA_VS -entity DE1_SoC was ignored
    Warning (20014): Assignment for entity set_instance_assignment -name CURRENT_STRENGTH_NEW "MAXIMUM CURRENT" -to HPS_DDR3_ADDR[0] -entity DE1_SoC was ignored
    Warning (20014): Assignment for entity set_instance_assignment -name CURRENT_STRENGTH_NEW "MAXIMUM CURRENT" -to HPS_DDR3_ADDR[10] -entity DE1_SoC was ignored
    Warning (20014): Assignment for entity set_instance_assignment -name CURRENT_STRENGTH_NEW "MAXIMUM CURRENT" -to HPS_DDR3_ADDR[11] -entity DE1_SoC was ignored
    Warning (20014): Assignment for entity set_instance_assignment -name CURRENT_STRENGTH_NEW "MAXIMUM CURRENT" -to HPS_DDR3_ADDR[12] -entity DE1_SoC was ignored
    Warning (20014): Assignment for entity set_instance_assignment -name CURRENT_STRENGTH_NEW "MAXIMUM CURRENT" -to HPS_DDR3_ADDR[13] -entity DE1_SoC was ignored
    Warning (20014): Assignment for entity set_instance_assignment -name CURRENT_STRENGTH_NEW "MAXIMUM CURRENT" -to HPS_DDR3_ADDR[14] -entity DE1_SoC was ignored
    Warning (20014): Assignment for entity set_instance_assignment -name CURRENT_STRENGTH_NEW "MAXIMUM CURRENT" -to HPS_DDR3_ADDR[1] -entity DE1_SoC was ignored
    Warning (20014): Assignment for entity set_instance_assignment -name CURRENT_STRENGTH_NEW "MAXIMUM CURRENT" -to HPS_DDR3_ADDR[2] -entity DE1_SoC was ignored
    Warning (20014): Assignment for entity set_instance_assignment -name CURRENT_STRENGTH_NEW "MAXIMUM CURRENT" -to HPS_DDR3_ADDR[3] -entity DE1_SoC was ignored
    Warning (20014): Assignment for entity set_instance_assignment -name CURRENT_STRENGTH_NEW "MAXIMUM CURRENT" -to HPS_DDR3_ADDR[4] -entity DE1_SoC was ignored
    Warning (20014): Assignment for entity set_instance_assignment -name CURRENT_STRENGTH_NEW "MAXIMUM CURRENT" -to HPS_DDR3_ADDR[5] -entity DE1_SoC was ignored
    Warning (20014): Assignment for entity set_instance_assignment -name CURRENT_STRENGTH_NEW "MAXIMUM CURRENT" -to HPS_DDR3_ADDR[6] -entity DE1_SoC was ignored
    Warning (20014): Assignment for entity set_instance_assignment -name CURRENT_STRENGTH_NEW "MAXIMUM CURRENT" -to HPS_DDR3_ADDR[7] -entity DE1_SoC was ignored
    Warning (20014): Assignment for entity set_instance_assignment -name CURRENT_STRENGTH_NEW "MAXIMUM CURRENT" -to HPS_DDR3_ADDR[8] -entity DE1_SoC was ignored
    Warning (20014): Assignment for entity set_instance_assignment -name CURRENT_STRENGTH_NEW "MAXIMUM CURRENT" -to HPS_DDR3_ADDR[9] -entity DE1_SoC was ignored
    Warning (20014): Assignment for entity set_instance_assignment -name CURRENT_STRENGTH_NEW "MAXIMUM CURRENT" -to HPS_DDR3_BA[0] -entity DE1_SoC was ignored
    Warning (20014): Assignment for entity set_instance_assignment -name CURRENT_STRENGTH_NEW "MAXIMUM CURRENT" -to HPS_DDR3_BA[1] -entity DE1_SoC was ignored
    Warning (20014): Assignment for entity set_instance_assignment -name CURRENT_STRENGTH_NEW "MAXIMUM CURRENT" -to HPS_DDR3_BA[2] -entity DE1_SoC was ignored
    Warning (20014): Assignment for entity set_instance_assignment -name CURRENT_STRENGTH_NEW "MAXIMUM CURRENT" -to HPS_DDR3_CAS_N -entity DE1_SoC was ignored
    Warning (20014): Assignment for entity set_instance_assignment -name CURRENT_STRENGTH_NEW "MAXIMUM CURRENT" -to HPS_DDR3_CKE -entity DE1_SoC was ignored
    Warning (20014): Assignment for entity set_instance_assignment -name CURRENT_STRENGTH_NEW "MAXIMUM CURRENT" -to HPS_DDR3_CS_N -entity DE1_SoC was ignored
    Warning (20014): Assignment for entity set_instance_assignment -name CURRENT_STRENGTH_NEW "MAXIMUM CURRENT" -to HPS_DDR3_ODT -entity DE1_SoC was ignored
    Warning (20014): Assignment for entity set_instance_assignment -name CURRENT_STRENGTH_NEW "MAXIMUM CURRENT" -to HPS_DDR3_RAS_N -entity DE1_SoC was ignored
    Warning (20014): Assignment for entity set_instance_assignment -name CURRENT_STRENGTH_NEW "MAXIMUM CURRENT" -to HPS_DDR3_RESET_N -entity DE1_SoC was ignored
    Warning (20014): Assignment for entity set_instance_assignment -name CURRENT_STRENGTH_NEW "MAXIMUM CURRENT" -to HPS_DDR3_WE_N -entity DE1_SoC was ignored
    Warning (20014): Assignment for entity set_instance_assignment -name INPUT_TERMINATION "PARALLEL 50 OHM WITH CALIBRATION" -to HPS_DDR3_DQS_N[0] -entity DE1_SoC was ignored
    Warning (20014): Assignment for entity set_instance_assignment -name INPUT_TERMINATION "PARALLEL 50 OHM WITH CALIBRATION" -to HPS_DDR3_DQS_N[1] -entity DE1_SoC was ignored
    Warning (20014): Assignment for entity set_instance_assignment -name INPUT_TERMINATION "PARALLEL 50 OHM WITH CALIBRATION" -to HPS_DDR3_DQS_N[2] -entity DE1_SoC was ignored
    Warning (20014): Assignment for entity set_instance_assignment -name INPUT_TERMINATION "PARALLEL 50 OHM WITH CALIBRATION" -to HPS_DDR3_DQS_N[3] -entity DE1_SoC was ignored
    Warning (20014): Assignment for entity set_instance_assignment -name INPUT_TERMINATION "PARALLEL 50 OHM WITH CALIBRATION" -to HPS_DDR3_DQS_P[0] -entity DE1_SoC was ignored
    Warning (20014): Assignment for entity set_instance_assignment -name INPUT_TERMINATION "PARALLEL 50 OHM WITH CALIBRATION" -to HPS_DDR3_DQS_P[1] -entity DE1_SoC was ignored
    Warning (20014): Assignment for entity set_instance_assignment -name INPUT_TERMINATION "PARALLEL 50 OHM WITH CALIBRATION" -to HPS_DDR3_DQS_P[2] -entity DE1_SoC was ignored
    Warning (20014): Assignment for entity set_instance_assignment -name INPUT_TERMINATION "PARALLEL 50 OHM WITH CALIBRATION" -to HPS_DDR3_DQS_P[3] -entity DE1_SoC was ignored
    Warning (20014): Assignment for entity set_instance_assignment -name INPUT_TERMINATION "PARALLEL 50 OHM WITH CALIBRATION" -to HPS_DDR3_DQ[0] -entity DE1_SoC was ignored
    Warning (20014): Assignment for entity set_instance_assignment -name INPUT_TERMINATION "PARALLEL 50 OHM WITH CALIBRATION" -to HPS_DDR3_DQ[10] -entity DE1_SoC was ignored
    Warning (20014): Assignment for entity set_instance_assignment -name INPUT_TERMINATION "PARALLEL 50 OHM WITH CALIBRATION" -to HPS_DDR3_DQ[11] -entity DE1_SoC was ignored
    Warning (20014): Assignment for entity set_instance_assignment -name INPUT_TERMINATION "PARALLEL 50 OHM WITH CALIBRATION" -to HPS_DDR3_DQ[12] -entity DE1_SoC was ignored
    Warning (20014): Assignment for entity set_instance_assignment -name INPUT_TERMINATION "PARALLEL 50 OHM WITH CALIBRATION" -to HPS_DDR3_DQ[13] -entity DE1_SoC was ignored
    Warning (20014): Assignment for entity set_instance_assignment -name INPUT_TERMINATION "PARALLEL 50 OHM WITH CALIBRATION" -to HPS_DDR3_DQ[14] -entity DE1_SoC was ignored
    Warning (20014): Assignment for entity set_instance_assignment -name INPUT_TERMINATION "PARALLEL 50 OHM WITH CALIBRATION" -to HPS_DDR3_DQ[15] -entity DE1_SoC was ignored
    Warning (20014): Assignment for entity set_instance_assignment -name INPUT_TERMINATION "PARALLEL 50 OHM WITH CALIBRATION" -to HPS_DDR3_DQ[16] -entity DE1_SoC was ignored
    Warning (20014): Assignment for entity set_instance_assignment -name INPUT_TERMINATION "PARALLEL 50 OHM WITH CALIBRATION" -to HPS_DDR3_DQ[17] -entity DE1_SoC was ignored
    Warning (20014): Assignment for entity set_instance_assignment -name INPUT_TERMINATION "PARALLEL 50 OHM WITH CALIBRATION" -to HPS_DDR3_DQ[18] -entity DE1_SoC was ignored
    Warning (20014): Assignment for entity set_instance_assignment -name INPUT_TERMINATION "PARALLEL 50 OHM WITH CALIBRATION" -to HPS_DDR3_DQ[19] -entity DE1_SoC was ignored
    Warning (20014): Assignment for entity set_instance_assignment -name INPUT_TERMINATION "PARALLEL 50 OHM WITH CALIBRATION" -to HPS_DDR3_DQ[1] -entity DE1_SoC was ignored
    Warning (20014): Assignment for entity set_instance_assignment -name INPUT_TERMINATION "PARALLEL 50 OHM WITH CALIBRATION" -to HPS_DDR3_DQ[20] -entity DE1_SoC was ignored
    Warning (20014): Assignment for entity set_instance_assignment -name INPUT_TERMINATION "PARALLEL 50 OHM WITH CALIBRATION" -to HPS_DDR3_DQ[21] -entity DE1_SoC was ignored
    Warning (20014): Assignment for entity set_instance_assignment -name INPUT_TERMINATION "PARALLEL 50 OHM WITH CALIBRATION" -to HPS_DDR3_DQ[22] -entity DE1_SoC was ignored
    Warning (20014): Assignment for entity set_instance_assignment -name INPUT_TERMINATION "PARALLEL 50 OHM WITH CALIBRATION" -to HPS_DDR3_DQ[23] -entity DE1_SoC was ignored
    Warning (20014): Assignment for entity set_instance_assignment -name INPUT_TERMINATION "PARALLEL 50 OHM WITH CALIBRATION" -to HPS_DDR3_DQ[24] -entity DE1_SoC was ignored
    Warning (20014): Assignment for entity set_instance_assignment -name INPUT_TERMINATION "PARALLEL 50 OHM WITH CALIBRATION" -to HPS_DDR3_DQ[25] -entity DE1_SoC was ignored
    Warning (20014): Assignment for entity set_instance_assignment -name INPUT_TERMINATION "PARALLEL 50 OHM WITH CALIBRATION" -to HPS_DDR3_DQ[26] -entity DE1_SoC was ignored
    Warning (20014): Assignment for entity set_instance_assignment -name INPUT_TERMINATION "PARALLEL 50 OHM WITH CALIBRATION" -to HPS_DDR3_DQ[27] -entity DE1_SoC was ignored
    Warning (20014): Assignment for entity set_instance_assignment -name INPUT_TERMINATION "PARALLEL 50 OHM WITH CALIBRATION" -to HPS_DDR3_DQ[28] -entity DE1_SoC was ignored
    Warning (20014): Assignment for entity set_instance_assignment -name INPUT_TERMINATION "PARALLEL 50 OHM WITH CALIBRATION" -to HPS_DDR3_DQ[29] -entity DE1_SoC was ignored
    Warning (20014): Assignment for entity set_instance_assignment -name INPUT_TERMINATION "PARALLEL 50 OHM WITH CALIBRATION" -to HPS_DDR3_DQ[2] -entity DE1_SoC was ignored
    Warning (20014): Assignment for entity set_instance_assignment -name INPUT_TERMINATION "PARALLEL 50 OHM WITH CALIBRATION" -to HPS_DDR3_DQ[30] -entity DE1_SoC was ignored
    Warning (20014): Assignment for entity set_instance_assignment -name INPUT_TERMINATION "PARALLEL 50 OHM WITH CALIBRATION" -to HPS_DDR3_DQ[31] -entity DE1_SoC was ignored
    Warning (20014): Assignment for entity set_instance_assignment -name INPUT_TERMINATION "PARALLEL 50 OHM WITH CALIBRATION" -to HPS_DDR3_DQ[3] -entity DE1_SoC was ignored
    Warning (20014): Assignment for entity set_instance_assignment -name INPUT_TERMINATION "PARALLEL 50 OHM WITH CALIBRATION" -to HPS_DDR3_DQ[4] -entity DE1_SoC was ignored
    Warning (20014): Assignment for entity set_instance_assignment -name INPUT_TERMINATION "PARALLEL 50 OHM WITH CALIBRATION" -to HPS_DDR3_DQ[5] -entity DE1_SoC was ignored
    Warning (20014): Assignment for entity set_instance_assignment -name INPUT_TERMINATION "PARALLEL 50 OHM WITH CALIBRATION" -to HPS_DDR3_DQ[6] -entity DE1_SoC was ignored
    Warning (20014): Assignment for entity set_instance_assignment -name INPUT_TERMINATION "PARALLEL 50 OHM WITH CALIBRATION" -to HPS_DDR3_DQ[7] -entity DE1_SoC was ignored
    Warning (20014): Assignment for entity set_instance_assignment -name INPUT_TERMINATION "PARALLEL 50 OHM WITH CALIBRATION" -to HPS_DDR3_DQ[8] -entity DE1_SoC was ignored
    Warning (20014): Assignment for entity set_instance_assignment -name INPUT_TERMINATION "PARALLEL 50 OHM WITH CALIBRATION" -to HPS_DDR3_DQ[9] -entity DE1_SoC was ignored
    Warning (20014): Assignment for entity set_instance_assignment -name OUTPUT_TERMINATION "SERIES 50 OHM WITHOUT CALIBRATION" -to HPS_DDR3_CK_N -entity DE1_SoC was ignored
    Warning (20014): Assignment for entity set_instance_assignment -name OUTPUT_TERMINATION "SERIES 50 OHM WITHOUT CALIBRATION" -to HPS_DDR3_CK_P -entity DE1_SoC was ignored
    Warning (20014): Assignment for entity set_instance_assignment -name OUTPUT_TERMINATION "SERIES 50 OHM WITH CALIBRATION" -to HPS_DDR3_DM[0] -entity DE1_SoC was ignored
    Warning (20014): Assignment for entity set_instance_assignment -name OUTPUT_TERMINATION "SERIES 50 OHM WITH CALIBRATION" -to HPS_DDR3_DM[1] -entity DE1_SoC was ignored
    Warning (20014): Assignment for entity set_instance_assignment -name OUTPUT_TERMINATION "SERIES 50 OHM WITH CALIBRATION" -to HPS_DDR3_DM[2] -entity DE1_SoC was ignored
    Warning (20014): Assignment for entity set_instance_assignment -name OUTPUT_TERMINATION "SERIES 50 OHM WITH CALIBRATION" -to HPS_DDR3_DM[3] -entity DE1_SoC was ignored
    Warning (20014): Assignment for entity set_instance_assignment -name OUTPUT_TERMINATION "SERIES 50 OHM WITH CALIBRATION" -to HPS_DDR3_DQS_N[0] -entity DE1_SoC was ignored
    Warning (20014): Assignment for entity set_instance_assignment -name OUTPUT_TERMINATION "SERIES 50 OHM WITH CALIBRATION" -to HPS_DDR3_DQS_N[1] -entity DE1_SoC was ignored
    Warning (20014): Assignment for entity set_instance_assignment -name OUTPUT_TERMINATION "SERIES 50 OHM WITH CALIBRATION" -to HPS_DDR3_DQS_N[2] -entity DE1_SoC was ignored
    Warning (20014): Assignment for entity set_instance_assignment -name OUTPUT_TERMINATION "SERIES 50 OHM WITH CALIBRATION" -to HPS_DDR3_DQS_N[3] -entity DE1_SoC was ignored
    Warning (20014): Assignment for entity set_instance_assignment -name OUTPUT_TERMINATION "SERIES 50 OHM WITH CALIBRATION" -to HPS_DDR3_DQS_P[0] -entity DE1_SoC was ignored
    Warning (20014): Assignment for entity set_instance_assignment -name OUTPUT_TERMINATION "SERIES 50 OHM WITH CALIBRATION" -to HPS_DDR3_DQS_P[1] -entity DE1_SoC was ignored
    Warning (20014): Assignment for entity set_instance_assignment -name OUTPUT_TERMINATION "SERIES 50 OHM WITH CALIBRATION" -to HPS_DDR3_DQS_P[2] -entity DE1_SoC was ignored
    Warning (20014): Assignment for entity set_instance_assignment -name OUTPUT_TERMINATION "SERIES 50 OHM WITH CALIBRATION" -to HPS_DDR3_DQS_P[3] -entity DE1_SoC was ignored
    Warning (20014): Assignment for entity set_instance_assignment -name OUTPUT_TERMINATION "SERIES 50 OHM WITH CALIBRATION" -to HPS_DDR3_DQ[0] -entity DE1_SoC was ignored
    Warning (20014): Assignment for entity set_instance_assignment -name OUTPUT_TERMINATION "SERIES 50 OHM WITH CALIBRATION" -to HPS_DDR3_DQ[10] -entity DE1_SoC was ignored
    Warning (20014): Assignment for entity set_instance_assignment -name OUTPUT_TERMINATION "SERIES 50 OHM WITH CALIBRATION" -to HPS_DDR3_DQ[11] -entity DE1_SoC was ignored
    Warning (20014): Assignment for entity set_instance_assignment -name OUTPUT_TERMINATION "SERIES 50 OHM WITH CALIBRATION" -to HPS_DDR3_DQ[12] -entity DE1_SoC was ignored
    Warning (20014): Assignment for entity set_instance_assignment -name OUTPUT_TERMINATION "SERIES 50 OHM WITH CALIBRATION" -to HPS_DDR3_DQ[13] -entity DE1_SoC was ignored
    Warning (20014): Assignment for entity set_instance_assignment -name OUTPUT_TERMINATION "SERIES 50 OHM WITH CALIBRATION" -to HPS_DDR3_DQ[14] -entity DE1_SoC was ignored
    Warning (20014): Assignment for entity set_instance_assignment -name OUTPUT_TERMINATION "SERIES 50 OHM WITH CALIBRATION" -to HPS_DDR3_DQ[15] -entity DE1_SoC was ignored
    Warning (20014): Assignment for entity set_instance_assignment -name OUTPUT_TERMINATION "SERIES 50 OHM WITH CALIBRATION" -to HPS_DDR3_DQ[16] -entity DE1_SoC was ignored
    Warning (20014): Assignment for entity set_instance_assignment -name OUTPUT_TERMINATION "SERIES 50 OHM WITH CALIBRATION" -to HPS_DDR3_DQ[17] -entity DE1_SoC was ignored
    Warning (20014): Assignment for entity set_instance_assignment -name OUTPUT_TERMINATION "SERIES 50 OHM WITH CALIBRATION" -to HPS_DDR3_DQ[18] -entity DE1_SoC was ignored
    Warning (20014): Assignment for entity set_instance_assignment -name OUTPUT_TERMINATION "SERIES 50 OHM WITH CALIBRATION" -to HPS_DDR3_DQ[19] -entity DE1_SoC was ignored
    Warning (20014): Assignment for entity set_instance_assignment -name OUTPUT_TERMINATION "SERIES 50 OHM WITH CALIBRATION" -to HPS_DDR3_DQ[1] -entity DE1_SoC was ignored
    Warning (20014): Assignment for entity set_instance_assignment -name OUTPUT_TERMINATION "SERIES 50 OHM WITH CALIBRATION" -to HPS_DDR3_DQ[20] -entity DE1_SoC was ignored
    Warning (20014): Assignment for entity set_instance_assignment -name OUTPUT_TERMINATION "SERIES 50 OHM WITH CALIBRATION" -to HPS_DDR3_DQ[21] -entity DE1_SoC was ignored
    Warning (20014): Assignment for entity set_instance_assignment -name OUTPUT_TERMINATION "SERIES 50 OHM WITH CALIBRATION" -to HPS_DDR3_DQ[22] -entity DE1_SoC was ignored
    Warning (20014): Assignment for entity set_instance_assignment -name OUTPUT_TERMINATION "SERIES 50 OHM WITH CALIBRATION" -to HPS_DDR3_DQ[23] -entity DE1_SoC was ignored
    Warning (20014): Assignment for entity set_instance_assignment -name OUTPUT_TERMINATION "SERIES 50 OHM WITH CALIBRATION" -to HPS_DDR3_DQ[24] -entity DE1_SoC was ignored
    Warning (20014): Assignment for entity set_instance_assignment -name OUTPUT_TERMINATION "SERIES 50 OHM WITH CALIBRATION" -to HPS_DDR3_DQ[25] -entity DE1_SoC was ignored
    Warning (20014): Assignment for entity set_instance_assignment -name OUTPUT_TERMINATION "SERIES 50 OHM WITH CALIBRATION" -to HPS_DDR3_DQ[26] -entity DE1_SoC was ignored
    Warning (20014): Assignment for entity set_instance_assignment -name OUTPUT_TERMINATION "SERIES 50 OHM WITH CALIBRATION" -to HPS_DDR3_DQ[27] -entity DE1_SoC was ignored
    Warning (20014): Assignment for entity set_instance_assignment -name OUTPUT_TERMINATION "SERIES 50 OHM WITH CALIBRATION" -to HPS_DDR3_DQ[28] -entity DE1_SoC was ignored
    Warning (20014): Assignment for entity set_instance_assignment -name OUTPUT_TERMINATION "SERIES 50 OHM WITH CALIBRATION" -to HPS_DDR3_DQ[29] -entity DE1_SoC was ignored
    Warning (20014): Assignment for entity set_instance_assignment -name OUTPUT_TERMINATION "SERIES 50 OHM WITH CALIBRATION" -to HPS_DDR3_DQ[2] -entity DE1_SoC was ignored
    Warning (20014): Assignment for entity set_instance_assignment -name OUTPUT_TERMINATION "SERIES 50 OHM WITH CALIBRATION" -to HPS_DDR3_DQ[30] -entity DE1_SoC was ignored
    Warning (20014): Assignment for entity set_instance_assignment -name OUTPUT_TERMINATION "SERIES 50 OHM WITH CALIBRATION" -to HPS_DDR3_DQ[31] -entity DE1_SoC was ignored
    Warning (20014): Assignment for entity set_instance_assignment -name OUTPUT_TERMINATION "SERIES 50 OHM WITH CALIBRATION" -to HPS_DDR3_DQ[3] -entity DE1_SoC was ignored
    Warning (20014): Assignment for entity set_instance_assignment -name OUTPUT_TERMINATION "SERIES 50 OHM WITH CALIBRATION" -to HPS_DDR3_DQ[4] -entity DE1_SoC was ignored
    Warning (20014): Assignment for entity set_instance_assignment -name OUTPUT_TERMINATION "SERIES 50 OHM WITH CALIBRATION" -to HPS_DDR3_DQ[5] -entity DE1_SoC was ignored
    Warning (20014): Assignment for entity set_instance_assignment -name OUTPUT_TERMINATION "SERIES 50 OHM WITH CALIBRATION" -to HPS_DDR3_DQ[6] -entity DE1_SoC was ignored
    Warning (20014): Assignment for entity set_instance_assignment -name OUTPUT_TERMINATION "SERIES 50 OHM WITH CALIBRATION" -to HPS_DDR3_DQ[7] -entity DE1_SoC was ignored
    Warning (20014): Assignment for entity set_instance_assignment -name OUTPUT_TERMINATION "SERIES 50 OHM WITH CALIBRATION" -to HPS_DDR3_DQ[8] -entity DE1_SoC was ignored
    Warning (20014): Assignment for entity set_instance_assignment -name OUTPUT_TERMINATION "SERIES 50 OHM WITH CALIBRATION" -to HPS_DDR3_DQ[9] -entity DE1_SoC was ignored
    Warning (20014): Assignment for entity set_instance_assignment -name D5_DELAY 2 -to HPS_DDR3_CK_N -entity DE1_SoC was ignored
    Warning (20014): Assignment for entity set_instance_assignment -name D5_DELAY 2 -to HPS_DDR3_CK_P -entity DE1_SoC was ignored
Info (144001): Generated suppressed messages file C:/Users/Ted/Desktop/y4proj/fart_vs_cart/fart/multicycle.map.smsg
Info (16010): Generating hard_block partition "hard_block:auto_generated_inst"
    Info (16011): Adding 0 node(s), including 0 DDIO, 0 PLL, 0 transceiver and 0 LCELL
Warning (21074): Design contains 3 input pin(s) that do not drive logic
    Warning (15610): No output dependent on input pin "SW[0]" File: C:/Users/Ted/Desktop/y4proj/fart_vs_cart/fart/gpu.sv Line: 39
    Warning (15610): No output dependent on input pin "SW[1]" File: C:/Users/Ted/Desktop/y4proj/fart_vs_cart/fart/gpu.sv Line: 39
    Warning (15610): No output dependent on input pin "KEY[1]" File: C:/Users/Ted/Desktop/y4proj/fart_vs_cart/fart/gpu.sv Line: 37
Info (21057): Implemented 2127 device resources after synthesis - the final resource count might be different
    Info (21058): Implemented 12 input pins
    Info (21059): Implemented 60 output pins
    Info (21061): Implemented 1971 logic cells
    Info (21064): Implemented 80 RAM segments
    Info (21062): Implemented 4 DSP elements
Info: Quartus Prime Analysis & Synthesis was successful. 0 errors, 609 warnings
    Info: Peak virtual memory: 4924 megabytes
    Info: Processing ended: Sat Oct 10 13:16:46 2026
    Info: Elapsed time: 00:00:10
    Info: Total CPU time (on all processors): 00:00:22


+------------------------------------------+
; Analysis & Synthesis Suppressed Messages ;
+------------------------------------------+
The suppressed messages can be found in C:/Users/Ted/Desktop/y4proj/fart_vs_cart/fart/multicycle.map.smsg.


