# Blender 5.2.1 LTS
# www.blender.org
mtllib bwear.mtl
o Bewear
v 27.559767 11.784026 20.762455
v 11.497391 6.797663 12.546083
v 8.042677 6.731436 4.938223
v 7.343867 12.596273 -1.993887
v 20.279140 14.626184 18.740955
v 35.279354 14.852928 18.754919
v 47.540173 6.633681 5.306845
v 48.452541 6.920213 -2.257403
v 46.944893 7.337920 -9.122701
v 42.402378 3.553171 -13.851492
v 35.907082 9.046561 -20.034269
v 27.670853 9.482142 -21.574940
v 19.639997 12.614874 -20.055353
v 18.966703 2.176649 -16.702520
v 13.106241 12.449965 -15.961674
v 13.274510 3.550966 -13.853868
v 8.906685 13.027816 -9.444576
v 8.196474 5.570133 -6.580891
v 42.680428 12.189454 -15.866357
v 48.548000 46.809574 -1.072998
v 46.413345 32.638363 7.404687
v 27.982178 41.017624 -20.751144
v 36.045464 40.205219 -19.150248
v 42.482841 36.413628 -14.784590
v 13.954736 48.927574 -14.483740
v 20.420095 33.798359 -19.035658
v 41.996075 37.750706 15.111893
v 28.125977 39.893314 21.100382
v 35.706219 36.816193 19.329563
v 46.605015 32.248379 -8.544497
v 20.202393 52.066593 -20.238337
v 28.554064 57.207977 -22.947643
v 28.219034 56.507378 20.355492
v 23.209625 198.570877 19.817688
v 38.453629 179.594666 20.869955
v 30.262751 173.287537 31.616768
v 37.339390 163.039017 26.350744
v 42.372116 165.732498 18.825729
v 30.629425 153.798660 33.733967
v 23.413931 160.621216 37.689663
v 27.749550 188.518204 27.887648
v 15.585273 192.858902 32.967461
v 2.251727 205.642776 19.558729
v 13.402580 201.223724 24.106745
v 2.312289 193.696701 35.591129
v 22.234554 171.734467 36.672421
v 7.030803 209.209335 4.277678
v 0.113896 210.175827 3.564574
v 17.602013 207.038742 1.355733
v 12.198671 208.189056 1.922979
v 28.710693 200.591660 -6.116706
v 29.158762 199.351471 4.939639
v 25.678202 198.422791 -21.079466
v 18.211222 202.739182 -18.926380
v 8.969730 200.886276 -27.322441
v 0.000001 206.015320 -19.839054
v -0.000002 210.188782 -2.241992
v 32.624676 192.709244 -21.290699
v 38.624920 191.020569 -8.833662
v 37.220341 184.369873 -23.563126
v 24.346420 188.884369 -32.081749
v 29.097387 173.954147 -34.967598
v 11.484745 180.035400 -40.412376
v -0.000091 191.966492 -36.724228
v 11.666504 191.619583 -35.366589
v 44.762856 177.933426 -11.045128
v 43.908661 169.222351 -18.371035
v 15.547582 206.004593 10.784111
v 44.016331 182.620987 -0.310362
v 46.944065 169.534973 3.353017
v -0.000112 176.205719 -42.949108
v 47.414341 159.979095 -9.742511
v 44.263252 159.904297 15.103700
v 46.197128 132.855515 11.195379
v 9.034048 162.279007 -43.805126
v 39.713425 160.626572 -26.976236
v 47.430943 137.856339 2.333097
v 42.672241 132.574707 -20.343781
v 39.021492 124.165550 -25.476412
v 26.101231 153.098602 -38.408962
v 17.602795 157.889160 -42.083454
v 0.000155 150.262146 -44.559708
v 33.583717 154.767685 -33.402424
v 46.214245 128.751907 13.827298
v 42.970577 161.426392 17.711185
v 42.022888 121.837173 23.770111
v 46.444134 123.273727 14.934843
v 29.992254 113.363838 -33.894543
v 0.000002 108.758865 -41.430096
v 46.949032 117.957512 13.895755
v 9.503393 107.690521 -40.710030
v 8.059210 84.154770 -41.587643
v 12.677381 76.600136 -40.441807
v 11.828477 68.729500 -38.109215
v 9.000855 65.225227 -36.566685
v 4.103307 62.412331 -35.462799
v 0.000004 61.996899 -35.019707
v 17.454838 110.051659 -39.119354
v 25.040962 83.218605 -37.648552
v 32.112900 83.843681 -33.720314
v 28.061840 70.695129 -33.872578
v 38.596725 65.030022 -20.828941
v 44.600407 71.791634 -14.655033
v 38.293728 82.983009 -28.352907
v 44.360470 104.715958 -18.838949
v 47.482990 79.665855 -9.306063
v 48.546741 80.106590 -1.104899
v 47.119984 75.020966 5.163662
v 42.844631 91.901100 21.553394
v 42.965366 67.921959 13.129780
v 34.390038 80.744438 31.369547
v 38.314358 63.356857 18.037962
v 24.369349 63.333694 30.690897
v 20.294813 52.085236 19.292849
v 11.047759 77.247330 42.485806
v 11.496854 92.082405 45.108337
v 7.072161 60.898502 33.322613
v 13.365913 69.955894 38.584827
v 5.330673 54.770191 27.150864
v 14.067717 49.526123 15.065042
v 7.973440 47.185951 -0.737686
v 9.428488 47.670738 7.215536
v 10.362419 109.259270 46.191235
v -1.625015 96.477310 46.801540
v 9.759028 141.862076 44.604671
v 0.096368 159.771210 44.606907
v 23.326550 90.354126 40.987679
v 23.698675 111.905777 41.413017
v 34.618744 104.679184 33.884121
v 28.393124 77.946587 36.292103
v 17.642256 8.939314 18.038197
v 19.137754 6.161701 18.253136
v 44.311024 6.968934 12.454223
v 31.980316 4.640947 19.272556
v 12.537088 207.481476 -10.588363
v 109.006035 142.941406 0.000002
v 111.250298 140.214035 -7.758450
v 116.934296 130.059814 -14.241824
v 120.603600 134.882080 -2.742869
v 106.291855 137.076569 -15.720355
v 117.684906 120.786499 -16.106220
v 106.563438 121.441261 -22.117060
v 106.586761 130.185883 -20.293360
v 84.495819 138.394730 -15.722539
v 98.879471 142.726837 -8.776733
v 85.313187 123.342949 -22.476793
v 77.513298 142.262100 -7.895905
v 46.595852 133.355957 -10.725663
v 84.172493 131.612183 -20.472395
v 80.758011 144.312744 -0.009111
v 47.274059 136.260315 -6.583564
v 46.438026 123.358696 -15.068049
v 46.298561 128.635223 -13.866480
v 77.602051 142.274811 7.886525
v 98.879478 142.726837 8.776760
v 111.260071 140.208878 7.761432
v 118.704147 133.774353 8.859481
v 117.404900 127.486717 14.940024
v 117.684914 120.786491 16.106216
v 106.279648 137.078674 15.721080
v 106.581718 130.184280 20.295212
v 106.567154 121.446693 22.115793
v 84.502487 138.394302 15.723465
v 84.999985 131.524399 20.554333
v 85.318672 123.307213 22.475990
v 56.069809 192.958435 12.889632
v 56.123169 205.638458 11.953304
v 53.817532 212.275726 12.514510
v 57.412350 208.240189 14.548022
v 56.807171 205.152878 16.795788
v 51.721340 209.082779 18.826040
v 44.897343 209.550217 19.347836
v 54.415592 214.207397 15.804808
v 51.480976 214.796463 14.421602
v 50.468304 192.662262 9.719782
v 42.786629 209.726990 11.521215
v 42.890430 212.463928 17.477671
v 33.938313 206.153763 18.557671
v 42.219440 213.263260 14.525633
v 51.015736 191.595566 18.939596
v 33.658718 187.673004 21.688980
v 53.084209 186.071686 16.147133
v 51.793739 182.982605 12.978149
v 43.971302 199.195221 9.388729
v 29.970068 196.487183 11.093589
v 31.713861 206.279678 14.800617
v 25.956306 196.699509 19.573755
v 25.062178 198.795883 15.517725
v 37.806961 189.929169 9.492977
v 43.005917 180.345703 10.226325
v 43.469627 173.511307 12.575325
v 44.907703 174.095428 15.747210
v 41.875801 172.472107 18.355980
v -12.537099 207.481476 -10.588383
v -10.822832 208.471283 -1.760094
v -7.075097 209.198792 -2.932606
v -18.211214 202.739182 -18.926371
v -25.678204 198.422791 -21.079466
v -7.337327 200.864853 -27.931181
v -28.710693 200.591660 -6.116703
v -24.346434 188.884384 -32.081726
v -11.666472 191.619476 -35.366673
v -32.624683 192.709244 -21.290688
v -38.624908 191.020569 -8.833671
v -44.762856 177.933426 -11.045139
v -37.220348 184.369873 -23.563114
v -11.485520 180.034546 -40.412411
v -29.097439 173.954056 -34.967579
v -29.158764 199.351471 4.939617
v -23.209597 198.570908 19.817665
v -7.840231 207.477600 12.438047
v -13.402578 201.223724 24.106754
v -0.900657 202.320053 26.472637
v -11.709360 194.326691 33.486423
v -17.532988 187.300140 35.065319
v -30.262749 173.287552 31.616766
v 0.971169 181.116760 41.467129
v -22.234554 171.734467 36.672421
v -30.629427 153.798584 33.733974
v -23.413933 160.621216 37.689663
v -42.970577 161.426392 17.711184
v -37.339405 163.038803 26.350763
v -21.664371 146.753143 40.161816
v -38.453629 179.594650 20.869955
v -27.749546 188.518204 27.887655
v -33.658730 187.672974 21.688980
v -44.263348 159.904312 15.103774
v -9.759049 141.862122 44.604668
v -10.362415 109.259232 46.191235
v -11.854751 92.857750 45.127357
v -13.867394 78.147316 42.025558
v -10.791272 69.120140 38.819130
v -8.979324 57.420620 29.935020
v -7.973783 47.196121 -0.745022
v -24.369703 63.333836 30.690790
v -28.393127 77.946579 36.292099
v -32.112900 83.843681 -33.720314
v -28.061842 70.695160 -33.872585
v -25.040956 83.218613 -37.648556
v -17.646793 59.481449 -31.367886
v -1.923853 54.210934 -26.761736
v -3.305039 50.449097 -19.183853
v 9.422444 47.682381 -8.382331
v -24.081266 62.828167 -31.963287
v -12.677383 76.600441 -40.441868
v -9.421942 47.687408 -8.364858
v -38.596779 65.030006 -20.828934
v -44.600479 71.791336 -14.655044
v -42.965435 67.921761 13.129779
v -13.382606 49.855301 15.820125
v -8.244138 48.018120 7.730714
v -9.235088 82.943092 -41.460846
v -17.454775 110.051079 -39.119385
v -29.992357 113.362991 -33.894505
v -9.502415 107.689117 -40.710144
v -39.713322 160.626236 -26.976418
v -33.583599 154.768829 -33.402473
v -26.101307 153.099106 -38.408920
v -17.602943 157.889862 -42.083363
v -9.033511 162.279724 -43.805130
v -43.908665 169.222351 -18.371031
v -47.414330 159.979233 -9.742535
v -47.430946 137.856339 2.333081
v -46.944065 169.534973 3.353019
v -44.016327 182.620987 -0.310349
v -37.806969 189.929169 9.492976
v 21.664356 146.753098 40.161823
v -6.120004 154.876694 38.234417
v 8.955341 155.205582 37.634212
v 6.838444 159.839630 41.492699
v 6.855429 153.656433 34.662594
v 17.505959 155.888062 34.171467
v 22.613848 162.232925 22.589207
v 20.799738 157.053497 26.867826
v 15.202754 154.675568 28.077406
v 15.923535 160.351242 10.911692
v 12.063256 158.046616 11.360136
v 9.264002 167.710190 8.053720
v 7.288573 162.724411 6.305346
v 4.273913 158.923325 7.236777
v 22.837622 164.875824 25.346399
v 19.390194 165.932297 14.970719
v 15.869285 168.282349 12.205390
v 18.103018 170.571182 18.796450
v 11.771453 170.344574 27.489494
v 11.035274 173.995895 20.822069
v 6.390272 173.742966 14.868224
v 8.762645 171.336746 10.815474
v 19.010565 168.142502 27.003910
v 20.983126 161.518646 34.392395
v 15.278336 163.819656 32.802780
v -13.643653 163.348969 32.730709
v -9.133823 171.157547 26.966087
v -2.604511 170.636810 8.140779
v -10.956126 173.888184 19.818058
v -18.959047 163.800369 32.569012
v -19.010565 168.142502 27.003910
v -22.837700 164.875717 25.346642
v -22.365885 160.619171 36.993622
v -17.770805 171.014740 19.612453
v -19.390196 165.932297 14.970722
v -14.363990 169.972351 12.498663
v -22.613811 162.232880 22.589184
v -17.788036 159.517166 14.268529
v -12.683348 161.659760 8.432241
v -20.799738 157.053497 26.867825
v -10.230352 158.483429 9.352686
v -16.478020 156.020798 21.840361
v -13.316052 166.837875 9.530700
v -3.181041 163.327164 5.584998
v -17.505959 155.888062 34.171467
v -15.202754 154.675568 28.077406
v -9.025032 153.775116 33.647869
v 9.739045 157.651352 29.161077
v 9.061721 160.610535 19.156977
v 9.968487 160.361267 13.583564
v -4.328738 160.898697 11.675431
v 16.478020 156.020798 21.840361
v 3.676368 159.746735 27.631001
v -9.100788 157.996811 29.092916
v -0.000003 156.736832 32.678837
v 0.527664 162.054291 17.816034
v -5.588639 160.815674 23.106087
v -11.294230 159.989304 16.259726
v 1.014799 217.145554 3.159479
v 2.225522 209.684372 -0.958391
v 2.708462 217.023682 -0.551265
v 2.378890 210.162811 0.725061
v 11.145917 1.307011 -8.561975
v 33.307831 1.396486 -17.009212
v 10.680717 1.413717 5.005159
v 44.521000 1.306193 -8.561363
v 44.969460 1.411066 5.087638
v 19.289057 -0.344343 -10.903024
v 20.036489 -0.354475 13.231596
v 36.505054 -0.281661 12.786334
v 37.250088 -0.213646 -10.565845
v 17.989784 2.075366 16.663416
v 23.342600 4.778077 19.327969
v 37.649151 2.071864 16.685045
v 39.826607 2.015353 15.502772
v 28.834566 1.461651 18.650339
v 23.017656 61.796024 -31.818726
v 19.163286 56.554386 -27.603096
v 114.236153 108.340820 -10.034832
v 111.735443 104.986351 0.001947
v 121.500755 113.135933 -5.760855
v 117.420654 114.576698 -14.514874
v 105.955391 108.328323 -15.501498
v 108.332222 114.115936 -19.802654
v 84.510880 109.233894 -15.834169
v 101.742775 104.898254 -9.987950
v 77.582680 103.815109 0.004676
v 92.605118 115.177338 -21.813007
v 65.771194 106.774124 -7.011393
v 46.836056 117.755676 -13.933661
v 48.494011 108.561310 0.023294
v 47.457348 111.631317 -9.451861
v 101.762497 104.902176 9.996219
v 114.243790 108.333214 10.000556
v 117.422997 114.584381 14.515914
v 108.332222 114.115936 19.802706
v 121.497978 113.135902 5.771442
v 92.645378 115.135124 21.812872
v 105.963394 108.328308 15.499611
v 84.750961 109.228752 15.872057
v 65.836998 106.762512 7.013354
v 47.582142 111.639854 9.409930
v 26.592758 3.116725 21.786579
v 30.753061 4.495704 21.678053
v 30.397972 10.251391 20.548100
v 27.870462 7.407405 23.066704
v 25.168633 7.712137 21.798567
v -2.675104 217.054321 1.405623
v -0.328823 221.288254 -0.140388
v -0.953532 217.835052 -2.132544
v 0.165183 221.660858 0.492269
v -2.240579 209.676880 2.403512
v -2.378900 210.162811 0.725086
v -17.432732 206.946075 4.439052
v 7.075104 209.198792 -2.932607
v 10.822831 208.471283 -1.760092
v 9.693833 217.148315 -2.286874
v 8.546798 218.228043 0.421394
v 15.737144 216.520798 -2.384362
v 16.557459 213.747238 0.479040
v 13.707466 216.542007 3.641663
v 15.689864 214.146667 2.995971
v 9.677674 217.095612 3.159901
v 18.132221 220.767212 0.213414
v 2.240577 209.676880 2.403512
v 16.689655 4.416382 18.882919
v 15.933527 2.047168 15.597558
v 14.955541 7.195045 16.419424
v 39.036987 4.445783 18.891918
v 40.758961 7.241426 16.454691
v 37.578426 8.569717 18.368736
v -23.326550 90.354134 40.987679
v -34.389973 80.744431 31.369614
v -34.618736 104.679214 33.884125
v -23.698671 111.905769 41.413017
v 125.153412 124.148643 0.000005
v 123.434311 123.706619 -7.509450
v 123.434319 123.706566 7.509449
v 122.375053 112.611832 0.000066
v 8.305511 159.355423 43.281990
v 22.365803 160.619110 36.993641
v -7.309686 160.096542 41.830788
v -8.305495 159.355423 43.281998
v -20.279161 14.626316 18.740953
v -8.042700 6.731534 4.938223
v -7.343886 12.596351 -1.993886
v -8.196490 5.570237 -6.580882
v -9.719117 45.973824 7.380697
v -27.559788 11.784124 20.762457
v -44.311043 6.969035 12.454228
v -47.540195 6.633793 5.306826
v -48.452576 6.920373 -2.257388
v -42.680470 12.189543 -15.866352
v -35.907101 9.046663 -20.034269
v -27.670877 9.482242 -21.574940
v -42.482864 36.413719 -14.784583
v -19.640017 12.614982 -20.055353
v -13.106267 12.450109 -15.961675
v -8.906707 13.027945 -9.444576
v -46.944920 7.338027 -9.122701
v -20.420116 33.798492 -19.035656
v -35.706261 36.816414 19.329552
v -20.294764 52.085835 19.292831
v -46.413353 32.638260 7.404695
v -46.605030 32.248367 -8.544501
v -28.126003 39.893467 21.100382
v -41.996037 37.750011 15.111897
v -36.045452 40.205357 -19.150255
v -27.982178 41.017590 -20.751144
v -20.364681 52.105026 -20.316111
v -13.974601 48.553810 -14.447454
v -28.554077 57.208073 -22.947655
v -48.548000 46.808655 -1.072987
v -47.120026 75.020576 5.163728
v -38.314392 63.356926 18.037971
v -28.219051 56.507515 20.355513
v -14.244701 47.452023 14.984496
v -44.907700 174.095413 15.747216
v -43.469627 173.511307 12.575328
v -43.005913 180.345703 10.226325
v -29.970079 196.487183 11.093584
v -25.062172 198.795883 15.517730
v -43.971313 199.195206 9.388731
v -51.793739 182.982590 12.978145
v -53.084190 186.071625 16.147135
v -51.015751 191.595566 18.939596
v -25.956312 196.699509 19.573757
v -41.875809 172.472107 18.355974
v -42.372112 165.732513 18.825731
v -51.733498 166.291550 12.522610
v -44.956505 163.158188 12.212937
v -55.077759 161.581955 14.376805
v -55.041317 161.072266 16.108250
v -49.701164 158.993042 16.270317
v -49.333260 160.864746 17.974413
v -51.381535 164.492249 18.454729
v -52.547112 168.276428 17.057770
v -55.528721 164.427872 15.459215
v -49.412109 159.802551 13.720474
v -51.171715 170.268112 14.390882
v -44.360466 104.716118 -18.838953
v -47.457348 111.631302 -9.451868
v -38.293743 82.983017 -28.352894
v -47.483047 79.665771 -9.306118
v -48.546799 80.106293 -1.104901
v -42.844589 91.901093 21.553499
v -42.022888 121.837250 23.770105
v -39.021492 124.164948 -25.476431
v -42.672245 132.574753 -20.343775
v -46.836056 117.755653 -13.933661
v -48.494011 108.561287 0.023300
v -46.949032 117.957504 13.895756
v -46.438026 123.358665 -15.068048
v -46.214245 128.751907 13.827299
v -46.197128 132.855515 11.195379
v -46.298557 128.635178 -13.866483
v -47.274059 136.260300 -6.583578
v -11.497416 6.797766 12.546089
v -19.137779 6.161819 18.253136
v -23.342621 4.778173 19.327969
v -35.279366 14.853055 18.754923
v -37.578449 8.569843 18.368740
v -111.250206 140.214005 -7.758483
v -118.722313 133.767731 -8.836246
v -120.603577 134.882019 2.742889
v -109.005943 142.941376 0.000006
v -117.405365 127.493752 -14.937716
v -117.684868 120.786453 -16.106218
v -98.879379 142.726807 -8.776715
v -106.291840 137.076538 -15.720348
v -80.758011 144.312714 -0.009107
v -106.586777 130.185837 -20.293358
v -106.563408 121.441231 -22.117058
v -84.172447 131.612167 -20.472391
v -77.513229 142.262070 -7.895905
v -84.495735 138.394684 -15.722539
v -85.313164 123.342934 -22.476793
v -46.595852 133.355957 -10.725654
v -77.601982 142.274780 7.886521
v -98.879356 142.726807 8.776723
v -111.259964 140.208862 7.761464
v -116.921425 130.087540 14.241078
v -106.279648 137.078644 15.721068
v -117.684875 120.786446 16.106216
v -106.567131 121.446671 22.115793
v -106.581749 130.184235 20.295206
v -84.502380 138.394272 15.723458
v -85.318657 123.307205 22.475992
v -84.999924 131.524368 20.554333
v -46.444134 123.273712 14.934843
v -56.807182 205.152832 16.795795
v -57.412365 208.240173 14.548026
v -56.123180 205.638458 11.953314
v -53.817554 212.275681 12.514523
v -51.721340 209.082748 18.826050
v -44.897388 209.550247 19.347832
v -33.938454 206.153885 18.557657
v -51.481018 214.796432 14.421603
v -42.219357 213.263168 14.525587
v -42.786575 209.726959 11.521222
v -42.890373 212.463852 17.477684
v -54.415592 214.207382 15.804810
v -50.468304 192.662247 9.719784
v -56.069813 192.958450 12.889633
v -31.713848 206.279633 14.800609
v 49.333256 160.864746 17.974413
v 55.041306 161.072266 16.108248
v 55.528717 164.427887 15.459212
v 55.077751 161.581940 14.376804
v 49.412079 159.802567 13.720469
v 51.733482 166.291565 12.522610
v 51.171741 170.268097 14.390899
v 52.547115 168.276413 17.057774
v 51.381535 164.492233 18.454729
v 44.956539 163.158234 12.212923
v 49.701168 158.993042 16.270306
v -36.383133 -0.344243 -10.903022
v -18.422094 -0.213543 -10.565843
v -11.145942 1.307112 -8.561978
v -13.274515 3.551080 -13.853869
v -18.966711 2.176755 -16.702524
v -33.307854 1.396589 -17.009212
v -42.402378 3.553259 -13.851487
v -10.680739 1.413819 5.005161
v -44.521019 1.306297 -8.561364
v -44.969490 1.411170 5.087598
v -15.933562 2.047262 15.597547
v -20.036512 -0.354373 13.231598
v -28.834583 1.461753 18.650343
v -36.505077 -0.281560 12.786333
v -39.826614 2.015471 15.502790
v -37.649189 2.071965 16.685030
v -31.980333 4.641021 19.272554
v -17.989794 2.075468 16.663408
v -111.735512 104.986359 0.001954
v -114.236099 108.340805 -10.034884
v -117.420601 114.576675 -14.514903
v -108.332199 114.115906 -19.802654
v -122.324684 112.514023 -2.651482
v -92.605087 115.177307 -21.813005
v -105.955330 108.328293 -15.501516
v -101.742714 104.898224 -9.987954
v -84.510696 109.233879 -15.834156
v -65.771507 106.774101 -7.011427
v -77.583099 103.815063 0.004678
v -101.762405 104.902138 9.996230
v -105.963326 108.328270 15.499621
v -117.422943 114.584366 14.515940
v -108.332199 114.115906 19.802706
v -114.243767 108.333183 10.000542
v -84.750832 109.228737 15.872047
v -92.645363 115.135094 21.812870
v -65.837128 106.762512 7.013354
v -47.582146 111.639816 9.409906
v -27.870481 7.407501 23.066708
v -30.753080 4.495802 21.678055
v -26.592768 3.116827 21.786577
v -30.398005 10.251495 20.548098
v -25.168667 7.712256 21.798573
v -15.737126 216.520767 -2.384364
v -16.557455 213.747238 0.479044
v -9.693861 217.148346 -2.286872
v -8.546798 218.228043 0.421396
v -18.132214 220.767227 0.213408
v -2.225596 209.684387 -0.958317
v -12.198672 208.189056 1.922979
v -13.707483 216.542053 3.641658
v -7.030802 209.209335 4.277678
v -9.677661 217.095612 3.159903
v -15.689866 214.146667 2.995970
v -16.689678 4.416499 18.882919
v -14.955553 7.195162 16.419434
v -17.642288 8.939439 18.038200
v -39.037010 4.445888 18.891911
v -40.758987 7.241538 16.454695
v -123.434280 123.706566 -7.509456
v -125.153374 124.148598 -0.000005
v -123.434280 123.706512 7.509472
v -121.497948 113.135872 5.771458
v -11.303739 179.254593 40.038422
v -2.198586 86.451416 -41.962360
v 12.341902 58.096596 -53.455765
v 18.515997 68.589134 -62.329910
v -0.000002 86.544983 -63.741459
v 17.885483 59.130749 -69.997124
v 7.257032 48.888874 -67.855934
v 13.439972 52.390736 -71.155334
v 10.157710 48.716190 -86.008148
v 0.000001 45.500343 -79.492210
v 8.141545 49.945606 -93.128365
v 3.052636 52.810387 -99.287727
v 3.744498 59.518391 -102.713493
v 8.133137 72.258415 -98.822937
v 12.224420 74.997971 -91.848480
v -0.000017 74.390572 -99.633286
v -0.000007 83.256447 -86.569214
v 6.533650 78.279922 -93.180641
v 12.612988 58.111126 -96.556763
v 3.045474 66.986404 -102.905167
v 0.000003 47.713139 -92.865356
v 15.771820 55.937103 -87.905670
v 14.177809 68.474335 -95.389130
v 13.637199 80.107300 -75.525299
v 17.962847 63.199524 -88.134361
v 17.954145 74.631531 -71.075607
v 7.747860 84.824165 -72.796890
v -18.516022 68.589111 -62.330036
v -11.828472 68.729485 -38.109207
v -8.963506 65.011253 -36.430115
v -4.673007 62.718025 -35.375885
v -7.747853 84.824173 -72.796875
v 0.000013 49.216209 -62.617428
v -17.954233 74.631714 -71.074471
v -13.637069 80.107338 -75.525612
v -17.885485 59.130753 -69.997124
v -17.962835 63.199505 -88.134407
v -13.649697 53.031738 -68.515953
v -15.771818 55.937107 -87.905685
v -12.612990 58.111126 -96.556763
v -7.332117 56.936474 -100.347069
v -8.141546 49.945606 -93.128365
v -9.573305 66.148003 -100.429504
v -8.133137 72.258415 -98.822945
v -6.533659 78.279938 -93.180595
v -12.224420 74.997971 -91.848488
v -10.157709 48.716187 -86.008148
v -15.660514 69.471344 -91.360298
v -7.257035 48.888840 -67.856102
v 8.883064 166.596619 56.826599
v 15.816694 168.234818 52.992500
v 20.785896 161.436844 47.164989
v 23.211594 160.690445 41.168400
v 22.800413 168.553986 42.849781
v 13.676644 178.481140 39.616859
v 12.387676 177.611313 46.682922
v 6.790398 174.576431 54.725452
v -0.000000 177.293411 53.123135
v 18.830006 173.938828 45.007648
v -12.387691 177.611298 46.682922
v -18.830011 173.938828 45.007641
v -6.790444 174.576340 54.725544
v 0.000000 179.774384 47.816799
v -22.800411 168.554001 42.849781
v -23.211594 160.690445 41.168396
v -20.785891 161.436844 47.164993
v -11.004328 158.965927 54.002823
v -0.252951 161.266708 57.587578
v -11.976506 166.580078 55.684227
v -16.198578 169.975769 51.851173
v -19.351246 157.665268 37.453667
v -12.771386 154.275467 46.406094
v -8.107137 154.667068 51.916080
v 1.858060 154.550583 53.385979
v 10.550111 157.176636 53.232517
v 7.041192 152.477707 47.918159
v 16.721361 156.240768 44.641396
v 0.000007 150.663239 46.331108
v 2.176144 150.874802 39.649158
v 19.351246 157.665268 37.453671
v 10.032274 158.897720 32.058495
v 11.424417 155.629196 33.946945
v -8.422981 152.930084 38.362034
v -1.822926 153.732590 33.962173
v -9.900678 158.485336 31.906536
v -17.715693 158.319016 34.365467
v 3.291120 172.433304 58.796623
v 1.822225 167.532135 57.719524
v 4.309127 175.899506 56.516647
v -0.583040 176.664871 57.023438
v 6.814898 171.517731 56.068554
v -4.645564 172.199326 58.183929
v -4.334665 176.074554 56.149044
v -2.218273 167.698807 57.608643
v -6.814902 171.517731 56.068542
vn -0.0753 0.1765 0.9814
vn 0.3512 0.1775 0.9193
vn 0.4093 0.0297 0.9119
vn -0.9306 -0.2812 -0.2344
vn -0.9499 -0.2188 0.2231
vn -0.9992 -0.0110 -0.0387
vn -0.8170 -0.1723 0.5502
vn -0.6296 -0.6916 0.3540
vn -0.4018 -0.6163 0.6773
vn -0.4115 0.0083 0.9114
vn 0.0038 0.0069 1.0000
vn 0.8173 -0.1692 0.5507
vn 0.7306 -0.0056 0.6828
vn 0.9050 -0.1727 -0.3889
vn 0.5774 -0.5147 -0.6338
vn 0.6965 -0.0431 -0.7163
vn 0.3529 -0.1969 -0.9147
vn -0.2984 -0.6473 -0.7014
vn -0.3702 -0.0802 -0.9255
vn -0.0261 -0.2140 -0.9765
vn -0.6894 -0.0733 -0.7207
vn -0.6060 -0.4798 -0.6344
vn -0.9153 -0.0218 -0.4021
vn 0.7090 -0.0211 -0.7049
vn -0.3789 0.0190 -0.9252
vn 0.9675 -0.2473 -0.0520
vn 0.9999 -0.0084 0.0135
vn 0.9391 -0.2241 0.2605
vn 0.9241 0.0161 0.3817
vn 0.9158 0.0017 -0.4017
vn 0.3730 -0.0550 -0.9262
vn -0.0073 -0.0586 -0.9983
vn -0.4400 -0.5774 -0.6877
vn -0.5984 -0.7014 -0.3873
vn -0.6855 -0.7281 0.0037
vn 0.3918 -0.0137 0.9199
vn -0.0722 -0.4673 0.8811
vn -0.1679 -0.5480 -0.8195
vn 0.3126 -0.4247 -0.8496
vn 0.8602 -0.0748 -0.5045
vn 0.6665 -0.2110 -0.7150
vn 0.2976 -0.3583 0.8849
vn 0.9606 -0.0192 -0.2772
vn 0.9990 -0.0021 0.0443
vn 0.9550 -0.0349 0.2946
vn 0.6631 -0.1881 0.7245
vn 0.8562 -0.0825 0.5100
vn 0.5706 0.4689 0.6742
vn 0.1995 0.6677 0.7172
vn 0.4840 0.7701 0.4155
vn -0.1878 0.9803 0.0614
vn 0.4049 0.2826 0.8696
vn 0.5169 0.0680 0.8533
vn 0.6103 0.1978 0.7670
vn 0.7602 0.0896 0.6435
vn 0.5741 0.0995 0.8127
vn 0.5004 -0.0006 0.8658
vn 0.5640 -0.2473 0.7879
vn 0.6218 0.0740 0.7797
vn 0.8110 -0.0293 0.5843
vn 0.7182 0.3420 0.6060
vn 0.4494 0.6717 0.5890
vn 0.3420 0.5593 0.7551
vn 0.0624 0.5803 0.8120
vn -0.0141 0.8282 0.5602
vn 0.2858 0.8107 0.5111
vn 0.0616 0.9265 0.3712
vn 0.3312 0.9064 0.2621
vn 0.0025 0.7459 0.6660
vn 0.0419 0.7039 0.7090
vn 0.2290 0.8225 0.5206
vn 0.3781 0.9248 0.0430
vn 0.7057 0.6426 0.2985
vn 0.6118 0.7762 0.1526
vn 0.5786 0.8111 -0.0851
vn 0.2473 0.9431 -0.2222
vn 0.4706 0.7703 -0.4303
vn 0.3349 0.8721 -0.3567
vn 0.1755 0.7877 -0.5905
vn -0.1499 0.7856 -0.6003
vn -0.0003 0.9214 -0.3886
vn 0.0145 0.7535 -0.6573
vn 0.4428 0.4870 -0.7529
vn 0.2223 0.5429 -0.8098
vn 0.0032 0.5385 -0.8426
vn 0.6495 0.6263 -0.4312
vn 0.7853 0.6061 -0.1260
vn 0.9358 0.2828 -0.2106
vn 0.9141 0.4037 0.0395
vn 0.7608 0.3747 -0.5300
vn 0.2302 0.2801 -0.9320
vn 0.5408 0.1983 -0.8174
vn -0.0000 0.2263 -0.9741
vn 0.9003 0.1255 -0.4167
vn 0.5514 0.4749 -0.6859
vn 0.2946 0.8402 -0.4552
vn 0.8466 0.0771 -0.5266
vn 0.9848 0.1260 0.1197
vn 0.9346 0.1096 -0.3385
vn 0.8589 -0.1565 -0.4877
vn 0.6851 0.7036 0.1887
vn 0.9826 0.0332 -0.1827
vn 0.6216 0.6600 -0.4219
vn 0.8793 0.0177 -0.4759
vn 0.8009 0.0547 -0.5963
vn 0.1452 0.0666 -0.9872
vn -0.0000 -0.0324 -0.9995
vn 0.6491 0.5148 0.5601
vn 0.7387 -0.6179 0.2694
vn 0.3050 0.0334 -0.9518
vn 0.4665 -0.0057 -0.8845
vn 0.6469 0.0098 -0.7625
vn 0.7621 -0.0104 -0.6474
vn 0.5396 0.0019 -0.8419
vn 0.4653 0.5967 -0.6538
vn 0.5194 0.2743 0.8093
vn 0.8420 0.0312 0.5386
vn 0.4781 0.0434 0.8772
vn 0.4916 0.3335 -0.8044
vn 0.5125 -0.2569 0.8194
vn 0.8846 -0.0783 0.4597
vn 0.6348 -0.5456 0.5471
vn 0.6811 -0.7322 0.0071
vn 0.6401 -0.5339 -0.5524
vn 0.8906 -0.0028 -0.4548
vn 0.7638 -0.0963 -0.6383
vn 0.5790 -0.0594 -0.8132
vn 0.3708 -0.0640 -0.9265
vn 0.2907 -0.0124 -0.9567
vn 0.4914 -0.2498 -0.8344
vn 0.0021 -0.0295 -0.9996
vn 0.1371 -0.0160 -0.9904
vn -0.0945 0.6445 -0.7587
vn 0.4662 0.5045 -0.7267
vn 0.8164 0.0609 -0.5742
vn 0.4880 -0.3174 -0.8131
vn 0.3418 -0.5580 -0.7562
vn 0.7406 -0.1860 0.6457
vn 0.3994 -0.5737 0.7151
vn 0.5286 -0.2736 0.8036
vn 0.0592 -0.8177 0.5726
vn 0.0935 -0.6393 0.7633
vn -0.1411 -0.4815 0.8650
vn 0.1928 -0.4765 0.8578
vn 0.1524 -0.3108 0.9382
vn 0.2058 -0.1118 0.9722
vn -0.0174 -0.0956 0.9953
vn 0.2216 -0.7648 0.6050
vn 0.3572 -0.8987 0.2546
vn 0.1892 0.0082 0.9819
vn 0.0083 0.6758 0.7371
vn 0.2164 0.0631 0.9743
vn 0.4593 0.0207 0.8880
vn 0.4365 -0.0969 0.8945
vn 0.6995 -0.0154 0.7145
vn 0.4312 0.0794 0.8987
vn -0.7474 0.0976 0.6572
vn -0.3971 0.1228 0.9095
vn -0.0653 -0.0977 0.9931
vn -0.4328 -0.3039 0.8487
vn 0.7389 0.0984 0.6665
vn 0.3796 0.0409 0.9242
vn 0.5136 -0.3177 0.7970
vn 0.0383 0.7592 -0.6497
vn 0.5877 0.5661 -0.5780
vn 0.2197 0.8080 -0.5467
vn 0.7819 0.6103 -0.1273
vn 0.6420 0.4059 -0.6505
vn 0.4360 0.8191 -0.3729
vn 0.3239 0.9461 0.0040
vn 0.2539 0.6870 -0.6809
vn 0.6701 -0.0157 -0.7421
vn 0.2559 -0.0035 -0.9667
vn 0.2613 0.3657 -0.8933
vn 0.0775 0.9315 -0.3553
vn -0.0684 0.7299 -0.6802
vn -0.0797 0.9968 -0.0023
vn -0.1021 0.0173 -0.9946
vn -0.0833 0.4076 -0.9093
vn -0.1403 0.9186 -0.3695
vn 0.3799 -0.0190 -0.9249
vn -0.1340 0.9168 0.3762
vn 0.0776 0.9316 0.3552
vn 0.4376 0.8273 0.3523
vn 0.7131 0.5654 0.4145
vn 0.2691 0.6754 0.6866
vn 0.6366 0.3217 0.7009
vn 0.2517 -0.0068 0.9678
vn 0.6706 -0.0352 0.7410
vn 0.2712 0.3805 0.8841
vn -0.0709 0.7285 0.6814
vn -0.1055 0.0152 0.9943
vn -0.0739 0.4053 0.9112
vn 0.9231 -0.2171 -0.3173
vn 0.9643 0.2589 -0.0559
vn 0.7854 0.0026 0.6190
vn 0.6026 0.0870 -0.7933
vn 0.3911 0.4811 -0.7846
vn 0.2594 0.2244 0.9394
vn 0.4030 -0.1126 0.9082
vn 0.5560 0.7801 0.2871
vn -0.0056 0.9851 -0.1722
vn -0.1717 0.4189 -0.8916
vn -0.3470 0.9056 -0.2437
vn -0.2295 0.7576 0.6110
vn -0.0112 0.3249 0.9457
vn -0.0064 0.1062 -0.9943
vn 0.2819 -0.0835 -0.9558
vn 0.7690 -0.3775 0.5158
vn -0.4145 0.5523 0.7233
vn -0.6514 0.7077 -0.2735
vn 0.7594 -0.4852 -0.4334
vn 0.9043 0.1252 0.4081
vn -0.5877 0.5661 -0.5780
vn -0.0383 0.7593 -0.6497
vn -0.2516 0.9431 -0.2173
vn -0.3328 0.8703 -0.3631
vn -0.4681 0.7708 -0.4322
vn -0.5752 0.8137 -0.0842
vn -0.3798 0.9174 0.1186
vn -0.6164 0.7726 0.1519
vn -0.4415 0.4887 -0.7525
vn -0.2273 0.5420 -0.8090
vn -0.6495 0.6263 -0.4312
vn -0.7853 0.6061 -0.1260
vn -0.9358 0.2828 -0.2106
vn -0.9141 0.4037 0.0395
vn -0.7608 0.3747 -0.5300
vn -0.2302 0.2801 -0.9320
vn -0.5408 0.1983 -0.8174
vn -0.9003 0.1255 -0.4167
vn -0.5514 0.4749 -0.6859
vn -0.4742 0.7737 0.4202
vn -0.1716 0.9394 0.2969
vn -0.3079 0.8160 0.4892
vn -0.2578 0.6023 0.7555
vn -0.5741 0.4805 0.6630
vn -0.3973 0.3812 0.8347
vn -0.6146 0.1925 0.7650
vn 0.0292 0.7763 0.6296
vn -0.7089 0.3467 0.6142
vn -0.8110 -0.0293 0.5843
vn -0.6218 0.0740 0.7797
vn -0.7602 0.0896 0.6435
vn -0.4312 0.0794 0.8987
vn -0.5169 0.0680 0.8533
vn -0.6491 0.5148 0.5601
vn -0.5640 -0.2473 0.7879
vn -0.7387 -0.6179 0.2694
vn -0.8589 -0.1565 -0.4877
vn -0.2155 0.0631 0.9745
vn -0.2005 0.5595 0.8042
vn -0.1909 0.0129 0.9815
vn -0.2169 -0.1114 0.9698
vn -0.2074 -0.2922 0.9336
vn -0.1080 -0.7408 0.6629
vn 0.6824 -0.7308 0.0167
vn 0.0775 -0.4720 0.8782
vn -0.4044 -0.5657 0.7186
vn -0.2976 -0.3583 0.8849
vn -0.6631 -0.1881 0.7245
vn -0.7406 -0.1860 0.6457
vn -0.8562 -0.0825 0.5100
vn -0.5295 -0.2775 0.8016
vn -0.8846 -0.0783 0.4597
vn -0.9550 -0.0349 0.2946
vn -0.8602 -0.0748 -0.5045
vn -0.9606 -0.0192 -0.2772
vn -0.8906 -0.0028 -0.4548
vn -0.7638 -0.0963 -0.6383
vn -0.6678 -0.2108 -0.7139
vn -0.4887 -0.3110 -0.8151
vn -0.5790 -0.0594 -0.8132
vn -0.3730 -0.0647 -0.9256
vn -0.3753 -0.5403 -0.7531
vn -0.1875 -0.6820 -0.7070
vn 0.1153 -0.5386 -0.8347
vn -0.0059 -0.8209 -0.5711
vn -0.0021 -0.9300 -0.3677
vn 0.6003 -0.7032 -0.3811
vn 0.2224 -0.9520 -0.2102
vn -0.8243 0.0411 -0.5647
vn -0.2928 -0.4258 -0.8561
vn -0.7624 -0.4786 -0.4356
vn -0.5634 0.4591 -0.6868
vn -0.1391 -0.0126 -0.9902
vn -0.2910 -0.0116 -0.9567
vn -0.5014 -0.7836 -0.3668
vn -0.2430 -0.9350 -0.2583
vn 0.0132 -0.9994 -0.0309
vn -0.5396 0.0019 -0.8419
vn -0.3050 0.0334 -0.9518
vn -0.4665 -0.0057 -0.8845
vn -0.6469 0.0098 -0.7625
vn -0.1452 0.0666 -0.9872
vn -0.9848 0.1260 0.1197
vn -0.9826 0.0332 -0.1827
vn -0.6851 0.7036 0.1887
vn -0.8009 0.0547 -0.5963
vn 0.2068 0.5412 0.8150
vn -0.1749 0.7735 -0.6092
vn 0.0981 0.8039 -0.5866
vn -0.1150 0.8517 -0.5113
vn -0.1050 0.9323 -0.3460
vn -0.4007 0.8559 -0.3269
vn 0.0050 0.9852 0.1711
vn 0.0708 0.3153 -0.9463
vn -0.7060 0.7026 0.0891
vn -0.9458 0.1917 0.2620
vn -0.0918 0.9598 0.2654
vn -0.6098 0.3938 0.6878
vn -0.8438 -0.2003 0.4979
vn -0.5660 -0.5073 0.6498
vn -0.3598 0.6812 0.6376
vn -0.3167 -0.3819 0.8682
vn -0.2633 0.0841 0.9611
vn 0.0845 -0.6795 0.7288
vn 0.1050 0.0494 0.9932
vn -0.1308 0.3993 0.9075
vn -0.9258 -0.3735 -0.0591
vn -0.6301 -0.7590 0.1643
vn -0.4890 -0.7688 -0.4121
vn -0.2276 -0.9672 -0.1131
vn -0.1329 -0.7810 -0.6103
vn -0.1211 -0.9527 0.2787
vn -0.2828 -0.7837 0.5530
vn 0.1051 -0.8127 -0.5731
vn 0.1248 -0.7942 -0.5947
vn 0.0068 -0.4469 -0.8946
vn 0.1476 -0.6941 -0.7046
vn -0.0619 -0.1701 -0.9835
vn 0.2274 -0.9730 -0.0400
vn 0.4615 -0.7004 0.5444
vn 0.4886 -0.7725 -0.4055
vn 0.9232 -0.3779 -0.0703
vn -0.0243 0.3226 -0.9462
vn 0.5952 -0.8009 0.0654
vn 0.8297 -0.2264 0.5103
vn 0.9543 0.1703 0.2456
vn 0.6694 0.5382 0.5122
vn 0.4773 0.2079 0.8538
vn 0.4771 -0.3285 0.8151
vn 0.7060 0.7041 0.0769
vn 0.3048 0.5692 0.7636
vn 0.0651 0.9670 0.2461
vn -0.0030 0.9849 0.1730
vn 0.4003 0.8511 -0.3396
vn 0.0205 0.9759 -0.2173
vn 0.1667 0.9472 -0.2739
vn 0.3559 0.8011 0.4812
vn 0.3226 0.9399 0.1120
vn 0.0956 0.9181 0.3847
vn 0.3799 0.9008 -0.2103
vn 0.5271 0.7864 -0.3221
vn 0.0942 0.9244 -0.3696
vn -0.1132 0.9410 -0.3189
vn 0.0156 0.9999 0.0020
vn 0.1964 0.6823 0.7042
vn -0.0222 0.7046 0.7092
vn -0.3111 0.8294 0.4640
vn -0.4876 0.8690 -0.0845
vn -0.1809 0.9597 0.2151
vn -0.2613 0.6717 0.6932
vn -0.3486 0.8719 -0.3438
vn 0.3221 0.3085 0.8950
vn 0.9045 0.2559 -0.3411
vn 0.1538 0.9745 0.1633
vn -0.3320 0.7954 -0.5071
vn -0.3243 0.3025 -0.8963
vn 0.3551 0.9345 0.0240
vn -0.1499 -0.9578 0.2452
vn -0.5938 -0.7616 -0.2597
vn -0.1515 -0.9655 -0.2119
vn 0.1500 -0.7499 -0.6443
vn -0.6300 -0.7615 0.1524
vn 0.6043 -0.7560 -0.2517
vn 0.6263 -0.7638 0.1563
vn 0.1485 -0.9554 0.2552
vn 0.1753 -0.9618 -0.2104
vn -0.5635 -0.6734 0.4785
vn -0.1639 -0.7225 0.6717
vn 0.0944 -0.8843 0.4574
vn 0.5643 -0.6709 0.4811
vn 0.1401 -0.7171 0.6827
vn 0.1781 -0.7764 -0.6046
vn 0.5197 -0.7846 -0.3382
vn 0.7730 -0.4663 -0.4301
vn 0.4714 -0.7996 -0.3721
vn 0.3443 -0.9389 -0.0001
vn 0.0643 -0.9512 -0.3018
vn 0.8143 -0.5112 -0.2747
vn 0.6556 -0.4221 -0.6261
vn 0.1863 -0.7703 -0.6099
vn 0.3002 -0.4409 -0.8459
vn 0.8306 -0.5569 -0.0000
vn -0.0353 -0.4075 -0.9125
vn -0.1125 -0.7592 -0.6411
vn -0.0766 -0.9971 -0.0001
vn -0.1481 -0.9247 -0.3507
vn 0.0647 -0.9512 0.3018
vn -0.1487 -0.9237 0.3530
vn 0.1874 -0.7704 0.6095
vn 0.4718 -0.7999 0.3710
vn 0.6556 -0.4221 0.6261
vn 0.8143 -0.5112 0.2750
vn 0.3008 -0.4407 0.8457
vn -0.0354 -0.4081 0.9122
vn -0.1125 -0.7596 0.6405
vn -0.2990 -0.6627 0.6866
vn 0.6218 -0.3363 0.7073
vn 0.0393 0.1228 0.9917
vn -0.7433 0.2780 0.6085
vn -0.9038 0.2668 0.3347
vn -0.1889 0.8260 0.5311
vn -0.2308 0.8112 -0.5372
vn -0.3524 0.9358 -0.0048
vn -0.0595 0.7472 0.6619
vn -0.7211 0.6317 0.2846
vn 0.4776 0.0323 -0.8780
vn -0.2876 0.5198 -0.8044
vn 0.8950 -0.4307 -0.1161
vn 0.6820 0.7309 -0.0249
vn -0.5443 0.8389 -0.0002
vn 0.6424 -0.2185 0.7345
vn 0.1674 0.2875 0.9430
vn -0.3018 0.5634 0.7691
vn -0.2947 -0.2953 0.9088
vn 0.1726 -0.2728 0.9465
vn -0.9990 -0.0021 0.0443
vn -0.9999 -0.0084 0.0135
vn -0.4417 -0.0926 0.8924
vn -0.6995 -0.0154 0.7145
vn -0.4599 0.0215 0.8877
vn 0.9206 0.0707 -0.3841
vn 0.9957 0.0924 0.0112
vn 0.9262 0.0752 0.3695
vn -0.3512 0.1775 0.9193
vn 0.0753 0.1765 0.9814
vn -0.4093 0.0297 0.9119
vn 0.9306 -0.2812 -0.2344
vn 0.9993 -0.0086 -0.0353
vn 0.9503 -0.2164 0.2237
vn 0.8917 -0.2804 0.3553
vn 0.8177 -0.1704 0.5498
vn 0.6546 -0.2116 0.7257
vn 0.4128 0.0095 0.9108
vn -0.0038 0.0069 1.0000
vn -0.7306 -0.0056 0.6828
vn -0.8173 -0.1692 0.5507
vn -0.5768 -0.5152 -0.6339
vn -0.9050 -0.1727 -0.3889
vn -0.6965 -0.0431 -0.7163
vn -0.3529 -0.1969 -0.9147
vn 0.0261 -0.2140 -0.9765
vn 0.3702 -0.0802 -0.9255
vn 0.2832 -0.6607 -0.6952
vn 0.6895 -0.0728 -0.7206
vn 0.6076 -0.4783 -0.6341
vn 0.9152 -0.0214 -0.4024
vn -0.7090 -0.0211 -0.7049
vn 0.3810 0.0193 -0.9244
vn -0.9158 0.0017 -0.4017
vn -0.9675 -0.2473 -0.0520
vn -0.9391 -0.2241 0.2605
vn -0.9241 0.0161 0.3817
vn -0.3730 -0.0550 -0.9262
vn 0.0061 -0.0593 -0.9982
vn 0.4615 -0.5713 -0.6787
vn -0.3918 -0.0137 0.9199
vn 0.1880 0.9803 0.0614
vn -0.2946 0.8402 -0.4552
vn 0.6514 0.7077 -0.2735
vn 0.0064 0.1062 -0.9943
vn -0.8466 0.0771 -0.5266
vn -0.2819 -0.0835 -0.9558
vn -0.7594 -0.4852 -0.4334
vn -0.4049 0.2826 0.8696
vn -0.4030 -0.1126 0.9082
vn -0.5741 0.0995 0.8127
vn -0.1995 0.6677 0.7172
vn 0.0112 0.3249 0.9457
vn 0.4145 0.5523 0.7233
vn -0.9043 0.1252 0.4081
vn -0.7690 -0.3775 0.5158
vn -0.9346 0.1096 -0.3385
vn -0.3068 -0.0004 0.9518
vn -0.5004 -0.0006 0.8658
vn -0.6214 0.5109 0.5941
vn -0.6265 0.7127 -0.3154
vn -0.3950 0.1380 -0.9082
vn -0.6991 -0.4238 -0.5759
vn -0.9684 0.2429 0.0557
vn -0.7225 -0.5728 0.3873
vn -0.1195 -0.9606 0.2507
vn -0.0993 -0.7123 -0.6948
vn -0.0867 -0.4533 0.8871
vn -0.7621 -0.0104 -0.6474
vn -0.6401 -0.5339 -0.5524
vn -0.6811 -0.7322 0.0071
vn -0.6348 -0.5456 0.5471
vn -0.8793 0.0177 -0.4759
vn -0.4914 -0.2498 -0.8344
vn -0.5125 -0.2569 0.8194
vn -0.8420 0.0312 0.5386
vn -0.4781 0.0434 0.8772
vn -0.3798 -0.0190 -0.9249
vn -0.5194 0.2743 0.8093
vn -0.4653 0.5967 -0.6538
vn -0.6216 0.6600 -0.4219
vn -0.4916 0.3335 -0.8044
vn 0.7474 0.0976 0.6572
vn 0.3971 0.1228 0.9095
vn 0.0653 -0.0977 0.9931
vn 0.4328 -0.3039 0.8487
vn -0.7389 0.0984 0.6665
vn -0.3796 0.0409 0.9242
vn -0.5136 -0.3177 0.7970
vn -0.7819 0.6103 0.1273
vn -0.4375 0.8274 -0.3522
vn -0.7135 0.5654 -0.4137
vn -0.3240 0.9461 -0.0039
vn -0.2692 0.6750 -0.6870
vn -0.6364 0.3223 -0.7008
vn -0.2515 -0.0073 -0.9678
vn -0.6706 -0.0352 -0.7410
vn -0.2707 0.3810 -0.8841
vn -0.0775 0.9315 -0.3553
vn 0.0684 0.7299 -0.6802
vn 0.0797 0.9968 -0.0023
vn 0.1021 0.0173 -0.9946
vn 0.0833 0.4076 -0.9093
vn 0.1403 0.9186 -0.3695
vn -0.0776 0.9316 0.3552
vn 0.1340 0.9168 0.3762
vn -0.4361 0.8190 0.3729
vn -0.6416 0.4065 0.6504
vn -0.2538 0.6874 0.6805
vn -0.6702 -0.0155 0.7420
vn -0.2562 -0.0030 0.9666
vn -0.2618 0.3652 0.8934
vn 0.0709 0.7285 0.6814
vn 0.1055 0.0152 0.9943
vn 0.0739 0.4053 0.9112
vn -0.9231 -0.2171 -0.3173
vn -0.7854 0.0026 0.6190
vn -0.9643 0.2589 -0.0559
vn -0.6026 0.0870 -0.7933
vn -0.3911 0.4811 -0.7846
vn -0.2594 0.2244 0.9394
vn -0.5560 0.7801 0.2871
vn 0.0056 0.9850 -0.1722
vn 0.3470 0.9056 -0.2438
vn 0.1717 0.4189 -0.8916
vn 0.2295 0.7576 0.6110
vn 0.9684 0.2429 0.0557
vn 0.6265 0.7127 -0.3154
vn 0.6214 0.5109 0.5941
vn 0.3068 -0.0004 0.9518
vn 0.0867 -0.4533 0.8871
vn 0.1195 -0.9606 0.2507
vn 0.7225 -0.5728 0.3873
vn 0.3950 0.1380 -0.9082
vn 0.6991 -0.4238 -0.5759
vn 0.0993 -0.7123 -0.6948
vn 0.1503 -0.9577 0.2452
vn -0.1559 -0.9641 -0.2150
vn 0.1579 -0.9636 -0.2156
vn 0.5949 -0.7606 -0.2600
vn -0.1359 -0.7576 -0.6384
vn 0.6300 -0.7615 0.1524
vn -0.6031 -0.7570 -0.2514
vn -0.6263 -0.7638 0.1563
vn -0.1491 -0.9551 0.2561
vn 0.5635 -0.6734 0.4785
vn 0.1639 -0.7225 0.6717
vn -0.0944 -0.8843 0.4574
vn -0.5643 -0.6709 0.4811
vn -0.1401 -0.7171 0.6827
vn -0.0643 -0.9512 -0.3018
vn -0.3391 -0.9407 0.0045
vn -0.4686 -0.7963 -0.3825
vn -0.8324 -0.5411 -0.1198
vn -0.6621 -0.4248 -0.6173
vn -0.1863 -0.7703 -0.6099
vn -0.3002 -0.4409 -0.8459
vn 0.0353 -0.4075 -0.9125
vn 0.1125 -0.7592 -0.6411
vn 0.0766 -0.9971 -0.0001
vn 0.1481 -0.9247 -0.3507
vn -0.0647 -0.9512 0.3018
vn 0.1487 -0.9237 0.3530
vn -0.4718 -0.7999 0.3710
vn -0.1874 -0.7704 0.6095
vn -0.6556 -0.4221 0.6261
vn -0.8191 -0.5134 0.2559
vn -0.3008 -0.4407 0.8457
vn 0.0354 -0.4081 0.9122
vn 0.1125 -0.7596 0.6405
vn 0.2990 -0.6627 0.6866
vn -0.0393 0.1228 0.9917
vn -0.6218 -0.3363 0.7073
vn 0.7433 0.2780 0.6085
vn -0.4776 0.0323 -0.8780
vn 0.2876 0.5198 -0.8044
vn -0.8950 -0.4307 -0.1161
vn -0.6820 0.7309 -0.0249
vn 0.5443 0.8389 -0.0002
vn -0.1674 0.2875 0.9430
vn -0.6424 -0.2185 0.7345
vn 0.3019 0.5634 0.7691
vn 0.2947 -0.2953 0.9088
vn -0.1726 -0.2728 0.9465
vn -0.9245 0.0731 -0.3741
vn -0.9955 0.0948 -0.0071
vn -0.9205 0.0707 0.3842
vn -0.3631 0.6943 0.6214
vn 0.9876 0.0045 0.1568
vn 0.6934 -0.6341 0.3423
vn 0.9267 0.3740 -0.0360
vn 0.3751 0.9190 -0.1210
vn 0.0207 0.9993 -0.0305
vn 0.9322 -0.3504 0.0904
vn 0.3669 -0.8998 0.2360
vn -0.0011 -0.9369 0.3495
vn 0.7108 0.6830 -0.1678
vn 0.7115 -0.6933 0.1140
vn 0.5435 -0.8305 -0.1223
vn -0.0000 -0.9998 0.0190
vn 0.7015 -0.3004 -0.6462
vn 0.4662 -0.7649 -0.4445
vn 0.1508 -0.6290 -0.7626
vn -0.0169 -0.9137 -0.4061
vn 0.2145 -0.2085 -0.9542
vn 0.7877 0.2257 -0.5732
vn 0.1602 0.1654 -0.9731
vn 0.4571 0.4562 -0.7635
vn 0.7160 0.5931 -0.3682
vn 0.3387 0.8004 -0.4946
vn -0.0171 0.6147 -0.7886
vn -0.0000 0.9360 -0.3521
vn 0.8563 -0.4716 -0.2107
vn 0.9681 -0.0169 -0.2501
vn -0.9876 0.0045 0.1568
vn -0.9277 0.3722 -0.0283
vn -0.9318 -0.3501 0.0953
vn -0.7078 -0.6804 0.1898
vn -0.3671 -0.8987 0.2398
vn -0.3776 0.9180 -0.1215
vn -0.7035 0.6924 -0.1600
vn -0.9619 -0.0422 -0.2702
vn -0.8563 -0.4716 -0.2107
vn -0.5441 -0.8303 -0.1206
vn -0.7494 -0.2954 -0.5926
vn -0.4410 -0.7675 -0.4653
vn -0.3640 -0.3871 -0.8472
vn -0.5301 0.1184 -0.8396
vn -0.6819 0.6046 -0.4116
vn -0.3387 0.8004 -0.4946
vn -0.4442 0.4756 -0.7593
vn -0.8637 0.2811 -0.4184
vn 0.0997 -0.0917 0.9908
vn 0.3415 0.0034 0.9399
vn 0.5040 0.2266 0.8335
vn -0.0176 -0.2995 0.9539
vn 0.4130 -0.5591 0.7189
vn 0.6224 0.1807 0.7616
vn 0.7715 -0.3185 0.5507
vn 0.8881 -0.4196 0.1878
vn 0.9287 0.2373 0.2849
vn -0.1515 -0.0951 0.9839
vn 0.6841 0.6312 0.3654
vn 0.3926 0.8371 0.3811
vn -0.0083 0.9480 0.3182
vn 0.0066 0.9538 0.3002
vn 0.4849 0.6362 0.6001
vn -0.4010 0.8384 0.3690
vn -0.4885 0.6472 0.5852
vn -0.6764 0.6582 0.3306
vn -0.6447 0.3330 0.6881
vn -0.9298 0.2350 0.2834
vn -0.8808 -0.4313 0.1953
vn -0.7712 -0.3311 0.5437
vn -0.4489 0.0253 0.8932
vn -0.4252 -0.4476 0.7867
vn -0.4886 0.1849 0.8527
vn -0.5204 -0.8280 -0.2090
vn -0.4446 -0.8631 0.2395
vn -0.2883 -0.7516 0.5932
vn 0.0583 -0.7184 0.6932
vn 0.3052 -0.9108 0.2781
vn 0.5087 -0.8336 0.2154
vn 0.5018 -0.8181 -0.2809
vn -0.0464 -0.9825 0.1802
vn 0.0823 -0.9740 -0.2110
vn 0.2615 -0.7238 -0.6385
vn -0.0365 -0.6985 -0.7147
vn -0.1347 -0.2708 -0.9532
vn 0.0898 -0.1965 -0.9764
vn -0.2589 -0.9369 -0.2351
vn -0.3863 -0.5924 -0.7069
vn -0.0490 0.7884 0.6132
vn 0.3070 0.0800 0.9484
vn 0.4605 0.7524 0.4710
vn -0.4418 0.0508 0.8957
vn -0.4603 0.7977 0.3896
vt 0.570983 0.028031
vt 0.577939 0.021562
vt 0.587671 0.042915
vt 0.504232 0.007813
vt 0.521121 0.010758
vt 0.504232 0.034162
vt 0.537020 0.012133
vt 0.517992 0.172317
vt 0.539908 0.180615
vt 0.556343 0.041634
vt 0.571722 0.143211
vt 0.607344 0.013003
vt 0.602907 0.136171
vt 0.654523 0.013819
vt 0.668096 0.007813
vt 0.668834 0.033103
vt 0.683453 0.021011
vt 0.720985 0.007813
vt 0.720985 0.033475
vt 0.699555 0.022504
vt 0.737396 0.033495
vt 0.737396 0.007813
vt 0.752824 0.035607
vt 0.758734 0.007813
vt 0.765625 0.034162
vt 0.669618 0.131110
vt 0.720985 0.118696
vt 0.641290 0.012527
vt 0.637741 0.174448
vt 0.624273 0.010361
vt 0.620627 0.115985
vt 0.654035 0.114473
vt 0.685909 0.145918
vt 0.702810 0.148462
vt 0.737396 0.178331
vt 0.752824 0.170903
vt 0.765625 0.165662
vt 0.587825 0.131693
vt 0.556380 0.190761
vt 0.504232 0.165662
vt 0.720985 0.194709
vt 0.704487 0.215667
vt 0.667597 0.273830
vt 0.684091 0.250591
vt 0.571369 0.206270
vt 0.654019 0.299008
vt 0.636479 0.302995
vt 0.620101 0.287975
vt 0.590585 0.240349
vt 0.604721 0.259342
vt 0.799393 0.805297
vt 0.816275 0.840949
vt 0.812582 0.856736
vt 0.822633 0.849469
vt 0.815981 0.794432
vt 0.819228 0.756005
vt 0.789737 0.740430
vt 0.806665 0.693268
vt 0.822878 0.724930
vt 0.822021 0.701090
vt 0.823675 0.685288
vt 0.785086 0.661071
vt 0.765710 0.674778
vt 0.766272 0.740719
vt 0.774627 0.782489
vt 0.778343 0.851454
vt 0.758255 0.898017
vt 0.780595 0.928162
vt 0.799188 0.888664
vt 0.799417 0.951738
vt 0.828637 0.903267
vt 0.839633 0.992037
vt 0.843010 0.953678
vt 0.842936 0.982121
vt 0.852417 0.898733
vt 0.852550 0.929768
vt 0.844078 0.841336
vt 0.867326 0.841131
vt 0.883540 0.917207
vt 0.897046 0.832724
vt 0.899951 0.870719
vt 0.926116 0.884294
vt 0.947096 0.910729
vt 0.921134 0.950010
vt 0.867797 0.990535
vt 0.919412 0.798046
vt 0.942835 0.834859
vt 0.966237 0.865707
vt 0.894136 0.801071
vt 0.869880 0.790495
vt 0.873345 0.742321
vt 0.854374 0.757589
vt 0.894597 0.763327
vt 0.955809 0.784289
vt 0.924303 0.743301
vt 0.985029 0.784708
vt 0.887050 0.714999
vt 0.837136 0.791263
vt 0.831852 0.828939
vt 0.836464 0.752350
vt 0.848562 0.714603
vt 0.832829 0.728368
vt 0.832164 0.692433
vt 0.852712 0.601554
vt 0.871649 0.682130
vt 0.867446 0.602541
vt 0.892336 0.588547
vt 0.904835 0.688911
vt 0.972110 0.713648
vt 0.993346 0.666027
vt 0.837213 0.584354
vt 0.827755 0.680794
vt 0.954591 0.691100
vt 0.938491 0.668818
vt 0.921709 0.671623
vt 0.910681 0.557803
vt 0.935638 0.522399
vt 0.876548 0.591320
vt 0.831670 0.566416
vt 0.810310 0.542019
vt 0.830054 0.545612
vt 0.882844 0.573251
vt 0.832284 0.525068
vt 0.810109 0.432285
vt 0.835559 0.357988
vt 0.840480 0.501900
vt 0.857703 0.486308
vt 0.860087 0.375659
vt 0.874893 0.505402
vt 0.881362 0.396868
vt 0.896244 0.480367
vt 0.923559 0.403146
vt 0.938177 0.411294
vt 0.952581 0.412784
vt 0.961434 0.509410
vt 0.883383 0.531450
vt 0.993660 0.506132
vt 0.978059 0.502092
vt 0.993660 0.429582
vt 0.981973 0.418945
vt 0.974310 0.392377
vt 0.946637 0.368668
vt 0.927118 0.341468
vt 0.904434 0.363436
vt 0.956417 0.339521
vt 0.809457 0.347384
vt 0.782744 0.400954
vt 0.787089 0.328794
vt 0.764761 0.317825
vt 0.758476 0.353455
vt 0.766569 0.398954
vt 0.749586 0.310055
vt 0.729711 0.332416
vt 0.739845 0.296393
vt 0.732450 0.357049
vt 0.722357 0.385375
vt 0.742174 0.384706
vt 0.739020 0.410253
vt 0.740248 0.453488
vt 0.722357 0.468756
vt 0.722357 0.305685
vt 0.733805 0.276000
vt 0.722357 0.278672
vt 0.732315 0.251582
vt 0.739709 0.507312
vt 0.722357 0.663847
vt 0.741285 0.610050
vt 0.764280 0.511778
vt 0.760086 0.445767
vt 0.786290 0.487298
vt 0.761033 0.629063
vt 0.545425 0.014246
vt 0.550592 0.019446
vt 0.554487 0.007901
vt 0.563782 0.012743
vt 0.598802 0.015105
vt 0.592893 0.017700
vt 0.581357 0.007813
vt 0.866263 0.948546
vt 0.861917 0.932404
vt 0.864513 0.979772
vt 0.649485 0.607333
vt 0.628740 0.598511
vt 0.640697 0.575208
vt 0.654199 0.566623
vt 0.627171 0.556847
vt 0.616427 0.606235
vt 0.602253 0.557348
vt 0.614290 0.557569
vt 0.639070 0.531472
vt 0.624879 0.480148
vt 0.654199 0.466991
vt 0.597801 0.482786
vt 0.610842 0.478645
vt 0.639266 0.454733
vt 0.628855 0.328279
vt 0.641375 0.328243
vt 0.658806 0.328171
vt 0.616393 0.328360
vt 0.605179 0.328312
vt 0.668435 0.455091
vt 0.667963 0.531472
vt 0.666099 0.575246
vt 0.668699 0.601180
vt 0.679765 0.556805
vt 0.680792 0.600182
vt 0.703838 0.557360
vt 0.689865 0.605358
vt 0.692313 0.557553
vt 0.682600 0.480172
vt 0.709535 0.482807
vt 0.696849 0.481917
vt 0.678765 0.328240
vt 0.690855 0.328243
vt 0.702823 0.328135
vt 0.704370 0.917374
vt 0.703125 0.969684
vt 0.699886 0.957970
vt 0.706603 0.958777
vt 0.707759 0.982794
vt 0.694120 0.970609
vt 0.693439 0.912158
vt 0.700737 0.990209
vt 0.711528 0.993896
vt 0.725230 0.971673
vt 0.725823 0.988200
vt 0.681649 0.984243
vt 0.683863 0.972894
vt 0.695076 0.995622
vt 0.680648 0.990591
vt 0.724511 0.934963
vt 0.713970 0.912982
vt 0.699561 0.894268
vt 0.665428 0.963756
vt 0.659813 0.971110
vt 0.745361 0.968445
vt 0.705095 0.881419
vt 0.664691 0.892975
vt 0.677494 0.861071
vt 0.646290 0.945814
vt 0.650191 0.934371
vt 0.749550 0.926968
vt 0.759021 0.943736
vt 0.735207 0.898560
vt 0.719319 0.862173
vt 0.710134 0.842828
vt 0.701052 0.843504
vt 0.689524 0.840870
vt 0.138083 0.932404
vt 0.133737 0.948546
vt 0.116460 0.917207
vt 0.100049 0.870719
vt 0.102954 0.832724
vt 0.069482 0.891224
vt 0.078866 0.950010
vt 0.132203 0.990535
vt 0.132674 0.841131
vt 0.154152 0.896744
vt 0.155922 0.841336
vt 0.080588 0.798046
vt 0.057165 0.834859
vt 0.033763 0.865707
vt 0.105864 0.801071
vt 0.130120 0.790495
vt 0.126655 0.742321
vt 0.145626 0.757588
vt 0.105403 0.763327
vt 0.044192 0.784285
vt 0.075697 0.743301
vt 0.014971 0.784708
vt 0.112950 0.714999
vt 0.162864 0.791263
vt 0.187418 0.856736
vt 0.177864 0.940200
vt 0.200812 0.888664
vt 0.218174 0.931549
vt 0.226057 0.870693
vt 0.200608 0.805297
vt 0.222847 0.815730
vt 0.210263 0.740430
vt 0.202902 0.961945
vt 0.245156 0.906442
vt 0.263242 0.850550
vt 0.233728 0.740719
vt 0.234290 0.674778
vt 0.214914 0.661070
vt 0.193335 0.693267
vt 0.238967 0.629063
vt 0.180772 0.756005
vt 0.162787 0.584354
vt 0.176325 0.685288
vt 0.172245 0.680795
vt 0.167836 0.692432
vt 0.258715 0.610051
vt 0.261797 0.663835
vt 0.277643 0.663847
vt 0.260291 0.507312
vt 0.274934 0.468348
vt 0.258068 0.456375
vt 0.256562 0.409761
vt 0.277643 0.412126
vt 0.261766 0.384844
vt 0.264883 0.341713
vt 0.277643 0.357588
vt 0.277643 0.332884
vt 0.260283 0.297004
vt 0.266155 0.275991
vt 0.267693 0.251582
vt 0.277643 0.251366
vt 0.250415 0.310054
vt 0.241524 0.353455
vt 0.235239 0.317825
vt 0.212911 0.328794
vt 0.217256 0.400954
vt 0.190543 0.347383
vt 0.233431 0.398954
vt 0.189891 0.432285
vt 0.164441 0.357987
vt 0.095566 0.363435
vt 0.118638 0.396868
vt 0.103756 0.480367
vt 0.076440 0.403146
vt 0.072882 0.341468
vt 0.053363 0.368668
vt 0.061823 0.411294
vt 0.047419 0.412784
vt 0.045897 0.341290
vt 0.034666 0.325859
vt 0.042881 0.285830
vt 0.012097 0.305420
vt 0.014040 0.276085
vt 0.021580 0.234479
vt 0.006340 0.237858
vt 0.018813 0.203453
vt 0.006340 0.203043
vt 0.006340 0.330295
vt 0.025690 0.392379
vt 0.057859 0.309511
vt 0.025693 0.367249
vt 0.020223 0.415740
vt 0.021941 0.502086
vt 0.009410 0.427940
vt 0.038566 0.509408
vt 0.021484 0.354962
vt 0.014475 0.347879
vt 0.006340 0.345846
vt 0.006340 0.506132
vt 0.064362 0.522396
vt 0.006654 0.666027
vt 0.045409 0.691103
vt 0.061509 0.668820
vt 0.078291 0.671627
vt 0.027890 0.713651
vt 0.151438 0.714603
vt 0.128351 0.682130
vt 0.147288 0.601554
vt 0.095165 0.688910
vt 0.738204 0.663835
vt 0.513041 0.213508
vt 0.491145 0.212647
vt 0.514328 0.196192
vt 0.508536 0.223820
vt 0.527571 0.225155
vt 0.520736 0.235137
vt 0.553342 0.231411
vt 0.532901 0.242679
vt 0.545645 0.280041
vt 0.523483 0.249638
vt 0.521891 0.275263
vt 0.534887 0.314731
vt 0.526399 0.321175
vt 0.517188 0.257154
vt 0.513920 0.314707
vt 0.509932 0.282594
vt 0.495599 0.321609
vt 0.495597 0.283416
vt 0.506212 0.258881
vt 0.554642 0.281078
vt 0.534561 0.344269
vt 0.552778 0.372055
vt 0.541219 0.380093
vt 0.520253 0.360509
vt 0.523232 0.387335
vt 0.510836 0.344601
vt 0.514155 0.327749
vt 0.482124 0.387796
vt 0.549180 0.420482
vt 0.532129 0.414314
vt 0.559191 0.432381
vt 0.452855 0.416014
vt 0.465269 0.424794
vt 0.481960 0.357301
vt 0.475604 0.325910
vt 0.458781 0.380093
vt 0.447222 0.372057
vt 0.440809 0.432381
vt 0.465946 0.347896
vt 0.465113 0.314731
vt 0.454355 0.280041
vt 0.474280 0.270450
vt 0.482574 0.279681
vt 0.479126 0.313626
vt 0.467097 0.242681
vt 0.485883 0.257842
vt 0.476517 0.249638
vt 0.479264 0.235137
vt 0.446657 0.231411
vt 0.472429 0.225155
vt 0.480387 0.197521
vt 0.488500 0.225082
vt 0.445358 0.281076
vt 0.520735 0.894455
vt 0.518940 0.936942
vt 0.506687 0.902026
vt 0.521025 0.957892
vt 0.532416 0.927683
vt 0.527693 0.969069
vt 0.509706 0.988629
vt 0.490574 0.967507
vt 0.501054 0.942764
vt 0.532603 0.894241
vt 0.514271 0.867882
vt 0.500015 0.879482
vt 0.481789 0.894065
vt 0.476640 0.948529
vt 0.488159 0.921225
vt 0.480776 0.869733
vt 0.477440 0.976319
vt 0.467584 0.927683
vt 0.467397 0.894241
vt 0.826558 0.062904
vt 0.840505 0.059925
vt 0.835672 0.088050
vt 0.839054 0.094278
vt 0.850718 0.068843
vt 0.820602 0.008122
vt 0.828537 0.008202
vt 0.846166 0.008265
vt 0.854316 0.008219
vt 0.837439 0.010303
vt 0.937737 0.141487
vt 0.921802 0.060038
vt 0.936568 0.053320
vt 0.925091 0.035185
vt 0.911080 0.063017
vt 0.961760 0.031691
vt 0.936846 0.029146
vt 0.952013 0.008186
vt 0.968012 0.013109
vt 0.978753 0.034727
vt 0.919633 0.109980
vt 0.909147 0.111849
vt 0.982292 0.059455
vt 0.991318 0.049602
vt 0.995190 0.075906
vt 0.984740 0.110039
vt 0.995272 0.112899
vt 0.968326 0.141071
vt 0.969068 0.053187
vt 0.925839 0.152773
vt 0.932024 0.159829
vt 0.954004 0.168256
vt 0.943010 0.175952
vt 0.916019 0.149132
vt 0.978637 0.152294
vt 0.972335 0.160208
vt 0.988533 0.149169
vt 0.983408 0.162056
vt 0.921137 0.161856
vt 0.933049 0.176242
vt 0.971699 0.176331
vt 0.962514 0.176928
vt 0.961643 0.309985
vt 0.985884 0.346472
vt 0.978516 0.354962
vt 0.989894 0.304566
vt 0.969848 0.263663
vt 0.990755 0.274975
vt 0.978428 0.234258
vt 0.957045 0.285179
vt 0.942141 0.309511
vt 0.974307 0.367249
vt 0.611073 0.938955
vt 0.593188 0.927557
vt 0.607855 0.890238
vt 0.604402 0.966617
vt 0.620428 0.950583
vt 0.620190 0.905089
vt 0.632317 0.913093
vt 0.630960 0.955700
vt 0.645134 0.906813
vt 0.593188 0.970355
vt 0.635816 0.858615
vt 0.622285 0.829691
vt 0.649586 0.832251
vt 0.593188 0.802753
vt 0.607271 0.757516
vt 0.614233 0.677788
vt 0.642208 0.677777
vt 0.630698 0.677828
vt 0.593188 0.677601
vt 0.580257 0.890301
vt 0.579806 0.757827
vt 0.567896 0.905116
vt 0.577336 0.938962
vt 0.567084 0.951505
vt 0.582342 0.966945
vt 0.556210 0.913093
vt 0.557522 0.954823
vt 0.543549 0.906825
vt 0.552017 0.858764
vt 0.565304 0.830557
vt 0.537852 0.832272
vt 0.572224 0.677810
vt 0.544563 0.677600
vt 0.555769 0.677614
vt 0.575199 0.342586
vt 0.585212 0.348265
vt 0.578125 0.361883
vt 0.580904 0.325571
vt 0.566246 0.346200
vt 0.592123 0.344514
vt 0.586769 0.376311
vt 0.576744 0.385171
vt 0.571706 0.363772
vt 0.166116 0.058789
vt 0.161254 0.092356
vt 0.152548 0.066474
vt 0.167505 0.089808
vt 0.176996 0.063849
vt 0.171463 0.008202
vt 0.179398 0.008122
vt 0.153834 0.008265
vt 0.145684 0.008219
vt 0.162561 0.010303
vt 0.156990 0.953678
vt 0.160370 0.992058
vt 0.157064 0.982121
vt 0.147450 0.929768
vt 0.882813 0.027113
vt 0.879212 0.073642
vt 0.873047 0.040104
vt 0.890316 0.063840
vt 0.870399 0.077859
vt 0.867188 0.044505
vt 0.882198 0.101782
vt 0.897214 0.066733
vt 0.892578 0.015521
vt 0.898102 0.011310
vt 0.792969 0.027011
vt 0.799649 0.073222
vt 0.792969 0.073621
vt 0.785436 0.063563
vt 0.806614 0.042788
vt 0.805383 0.077859
vt 0.795283 0.101352
vt 0.778568 0.066733
vt 0.783203 0.015545
vt 0.777426 0.011858
vt 0.572880 0.266824
vt 0.579267 0.275541
vt 0.572074 0.289729
vt 0.580080 0.298963
vt 0.580161 0.261403
vt 0.587154 0.281112
vt 0.576927 0.420221
vt 0.583438 0.410862
vt 0.584111 0.434439
vt 0.574516 0.440483
vt 0.575876 0.405874
vt 0.885141 0.553914
vt 0.363521 0.302995
vt 0.345981 0.299008
vt 0.362259 0.174444
vt 0.379899 0.287973
vt 0.239914 0.445767
vt 0.213710 0.487298
vt 0.235720 0.511778
vt 0.641425 0.634540
vt 0.654199 0.637349
vt 0.666395 0.633908
vt 0.606121 0.990544
vt 0.593188 0.994285
vt 0.580635 0.989453
vt 0.711205 0.717181
vt 0.698301 0.713127
vt 0.700300 0.708983
vt 0.730227 0.692959
vt 0.742780 0.719240
vt 0.713719 0.708058
vt 0.742522 0.724981
vt 0.286281 0.708058
vt 0.301699 0.708435
vt 0.287900 0.714916
vt 0.257220 0.719240
vt 0.269773 0.692959
vt 0.257478 0.724981
vt 0.135487 0.979772
vt 0.422061 0.021562
vt 0.429017 0.028031
vt 0.412329 0.042915
vt 0.495768 0.007813
vt 0.495768 0.034162
vt 0.478879 0.010758
vt 0.482008 0.167562
vt 0.462980 0.012133
vt 0.460009 0.174917
vt 0.443657 0.041634
vt 0.428278 0.143212
vt 0.397093 0.136168
vt 0.392656 0.013003
vt 0.331904 0.007813
vt 0.345477 0.013819
vt 0.331166 0.033103
vt 0.316547 0.021012
vt 0.300445 0.022504
vt 0.279015 0.033475
vt 0.279015 0.007813
vt 0.262603 0.033496
vt 0.262603 0.007813
vt 0.247176 0.035607
vt 0.241266 0.007813
vt 0.234375 0.034162
vt 0.330382 0.131111
vt 0.279015 0.118696
vt 0.345965 0.114473
vt 0.358710 0.012528
vt 0.375727 0.010361
vt 0.379373 0.115985
vt 0.314091 0.145919
vt 0.297190 0.148462
vt 0.262603 0.179294
vt 0.247176 0.171888
vt 0.234375 0.165662
vt 0.412175 0.131693
vt 0.443620 0.190764
vt 0.495768 0.165662
vt 0.279015 0.194302
vt 0.295513 0.215667
vt 0.315909 0.250591
vt 0.332403 0.273828
vt 0.460146 0.184451
vt 0.482008 0.175908
vt 0.428631 0.206270
vt 0.409415 0.240349
vt 0.395279 0.259342
vt 0.240979 0.943736
vt 0.250450 0.926968
vt 0.254639 0.968445
vt 0.275489 0.934963
vt 0.264793 0.898560
vt 0.280681 0.862173
vt 0.286030 0.912982
vt 0.294905 0.881419
vt 0.322506 0.861071
vt 0.335309 0.892975
vt 0.306560 0.912158
vt 0.310476 0.840870
vt 0.349810 0.934371
vt 0.316137 0.972895
vt 0.334572 0.963756
vt 0.353710 0.945814
vt 0.340187 0.971110
vt 0.298948 0.843504
vt 0.300439 0.894268
vt 0.289866 0.842828
vt 0.304434 0.797338
vt 0.318705 0.818498
vt 0.300017 0.808785
vt 0.295787 0.818731
vt 0.291162 0.806256
vt 0.276367 0.806780
vt 0.294093 0.782919
vt 0.297003 0.791686
vt 0.298742 0.778419
vt 0.283354 0.773364
vt 0.283294 0.783227
vt 0.310247 0.775894
vt 0.309752 0.786656
vt 0.323180 0.795798
vt 0.323647 0.783614
vt 0.089319 0.557801
vt 0.125107 0.505402
vt 0.139913 0.375657
vt 0.142297 0.486308
vt 0.159520 0.501900
vt 0.107664 0.588548
vt 0.116617 0.531450
vt 0.167716 0.525068
vt 0.189690 0.542019
vt 0.169946 0.545611
vt 0.114859 0.553914
vt 0.168330 0.566416
vt 0.123452 0.591320
vt 0.132554 0.602541
vt 0.117156 0.573251
vt 0.167171 0.728368
vt 0.177979 0.701090
vt 0.177122 0.724930
vt 0.184020 0.794432
vt 0.183725 0.840949
vt 0.177367 0.849469
vt 0.168148 0.828939
vt 0.163536 0.752350
vt 0.454575 0.014246
vt 0.449408 0.019446
vt 0.445513 0.007901
vt 0.436218 0.012744
vt 0.401198 0.015105
vt 0.407107 0.017701
vt 0.418643 0.007813
vt 0.341381 0.607333
vt 0.359303 0.575207
vt 0.361152 0.601190
vt 0.345801 0.566623
vt 0.372829 0.556847
vt 0.374102 0.601035
vt 0.397747 0.557348
vt 0.383573 0.606235
vt 0.385710 0.557570
vt 0.360930 0.531472
vt 0.375121 0.480148
vt 0.345801 0.466991
vt 0.402199 0.482786
vt 0.389158 0.478645
vt 0.360734 0.454733
vt 0.371145 0.328279
vt 0.358625 0.328243
vt 0.341194 0.328171
vt 0.383607 0.328360
vt 0.394821 0.328312
vt 0.332037 0.531472
vt 0.331565 0.455091
vt 0.333901 0.575246
vt 0.321839 0.598001
vt 0.320235 0.556806
vt 0.310135 0.605358
vt 0.296162 0.557360
vt 0.307687 0.557553
vt 0.317400 0.480172
vt 0.290465 0.482807
vt 0.303151 0.481917
vt 0.321235 0.328240
vt 0.309146 0.328243
vt 0.297177 0.328135
vt 0.295630 0.917374
vt 0.300114 0.957970
vt 0.296875 0.969684
vt 0.293397 0.958777
vt 0.292241 0.982794
vt 0.305880 0.970609
vt 0.299263 0.990209
vt 0.288472 0.993896
vt 0.274177 0.988200
vt 0.274770 0.971673
vt 0.318351 0.984243
vt 0.304924 0.995622
vt 0.319352 0.990590
vt 0.702997 0.791686
vt 0.704213 0.818731
vt 0.699983 0.808785
vt 0.695566 0.797338
vt 0.690248 0.786656
vt 0.689753 0.775894
vt 0.701258 0.778419
vt 0.708838 0.806256
vt 0.705907 0.782919
vt 0.716646 0.773364
vt 0.716706 0.783227
vt 0.681295 0.818498
vt 0.723633 0.806780
vt 0.676820 0.795798
vt 0.676353 0.783613
vt 0.729275 0.786900
vt 0.062263 0.141487
vt 0.032527 0.053089
vt 0.065028 0.053442
vt 0.078198 0.060038
vt 0.074909 0.035185
vt 0.088920 0.063017
vt 0.047987 0.008186
vt 0.063154 0.029146
vt 0.038240 0.031691
vt 0.031988 0.013108
vt 0.021247 0.034726
vt 0.080367 0.109980
vt 0.090853 0.111849
vt 0.008682 0.049602
vt 0.017708 0.059455
vt 0.004810 0.075906
vt 0.015260 0.110039
vt 0.004728 0.112899
vt 0.031674 0.141071
vt 0.074161 0.152773
vt 0.067976 0.159830
vt 0.045995 0.168257
vt 0.056989 0.175952
vt 0.083981 0.149133
vt 0.021363 0.152294
vt 0.027665 0.160208
vt 0.011467 0.149169
vt 0.016591 0.162056
vt 0.078863 0.161856
vt 0.066951 0.176242
vt 0.037486 0.176928
vt 0.028301 0.176331
vt 0.392145 0.890238
vt 0.406812 0.927558
vt 0.388926 0.938955
vt 0.401810 0.968688
vt 0.379572 0.950583
vt 0.379810 0.905089
vt 0.367683 0.913093
vt 0.369040 0.955700
vt 0.354866 0.906814
vt 0.364184 0.858615
vt 0.377714 0.829690
vt 0.350414 0.832251
vt 0.406812 0.802754
vt 0.392729 0.757517
vt 0.385767 0.677788
vt 0.357792 0.677777
vt 0.369302 0.677828
vt 0.406812 0.677601
vt 0.419743 0.890301
vt 0.420194 0.757827
vt 0.422664 0.938962
vt 0.432104 0.905116
vt 0.432916 0.951505
vt 0.417658 0.966945
vt 0.443790 0.913093
vt 0.442478 0.954823
vt 0.456451 0.906825
vt 0.447983 0.858764
vt 0.434696 0.830557
vt 0.462148 0.832272
vt 0.427776 0.677810
vt 0.455436 0.677600
vt 0.444231 0.677614
vt 0.270725 0.786900
vt 0.424801 0.342586
vt 0.421875 0.361884
vt 0.414788 0.348266
vt 0.419096 0.325571
vt 0.433754 0.346200
vt 0.407877 0.344515
vt 0.413231 0.376312
vt 0.428294 0.363773
vt 0.423256 0.385172
vt 0.126953 0.040104
vt 0.120788 0.073642
vt 0.117187 0.027113
vt 0.109684 0.063840
vt 0.129601 0.077859
vt 0.132813 0.044505
vt 0.117802 0.101782
vt 0.102786 0.066733
vt 0.107422 0.015520
vt 0.101898 0.011310
vt 0.207031 0.027011
vt 0.207031 0.073621
vt 0.200351 0.073222
vt 0.214564 0.063563
vt 0.193386 0.042788
vt 0.194617 0.077859
vt 0.221432 0.066733
vt 0.204717 0.101352
vt 0.216797 0.015545
vt 0.222574 0.011858
vt 0.420733 0.275541
vt 0.427120 0.266824
vt 0.427926 0.289729
vt 0.419920 0.298964
vt 0.419839 0.261403
vt 0.412846 0.281113
vt 0.416562 0.410863
vt 0.423073 0.420221
vt 0.415889 0.434440
vt 0.425484 0.440484
vt 0.424124 0.405874
vt 0.358575 0.634540
vt 0.345801 0.637349
vt 0.333605 0.633908
vt 0.393879 0.990544
vt 0.406812 0.994285
vt 0.419365 0.989453
vt 0.030608 0.261016
vt 0.346957 1.809138
vt 0.367388 1.923813
vt 0.266859 1.815276
vt 0.262302 1.921266
vt 0.204743 1.922452
vt 0.107407 1.896636
vt 0.166166 1.802217
vt 0.237698 1.818673
vt 0.091243 1.781034
vt 0.830640 0.217972
vt 0.781273 0.230165
vt 0.781252 0.191224
vt 0.781319 0.167849
vt 0.819249 0.166958
vt 0.781191 0.146785
vt 0.842465 0.244593
vt 0.781308 0.272525
vt 0.841023 0.296715
vt 0.824951 0.321247
vt 0.781269 0.307779
vt 0.847358 0.191861
vt 0.848181 0.138218
vt 0.781182 0.126949
vt 0.840068 0.110528
vt 0.847721 0.270779
vt 0.852083 0.165627
vt 0.877018 0.160524
vt 0.867988 0.109044
vt 0.890828 0.209822
vt 0.892625 0.171945
vt 0.909356 0.188105
vt 0.901625 0.140705
vt 0.910571 0.219729
vt 0.884863 0.242378
vt 0.909936 0.251692
vt 0.893533 0.267608
vt 0.876691 0.266679
vt 0.877631 0.291892
vt 0.901789 0.300082
vt 0.864105 0.327073
vt 0.877985 0.195501
vt 0.874803 0.219203
vt 0.218748 0.191224
vt 0.218727 0.230168
vt 0.169360 0.217972
vt 0.218676 0.265684
vt 0.157537 0.244593
vt 0.152642 0.191861
vt 0.218781 0.167851
vt 0.152517 0.165817
vt 0.218809 0.146785
vt 0.151819 0.138218
vt 0.218818 0.126949
vt 0.159932 0.110528
vt 0.158977 0.296715
vt 0.152278 0.270779
vt 0.175049 0.321247
vt 0.135895 0.327073
vt 0.125197 0.219203
vt 0.122015 0.195501
vt 0.122982 0.160524
vt 0.109172 0.209822
vt 0.107374 0.171945
vt 0.097134 0.207592
vt 0.084469 0.183896
vt 0.098375 0.140705
vt 0.081758 0.219597
vt 0.103343 0.244296
vt 0.123309 0.266679
vt 0.122369 0.291892
vt 0.106468 0.267608
vt 0.098212 0.300082
vt 0.083848 0.255905
vt 0.121895 0.243005
vt 0.132012 0.109044
vt 0.218729 0.298729
vt 0.506825 0.589554
vt 0.515121 0.582893
vt 0.512202 0.598655
vt 0.498851 0.567852
vt 0.518073 0.554736
vt 0.529008 0.587189
vt 0.540468 0.562815
vt 0.552952 0.550483
vt 0.554107 0.589942
vt 0.561494 0.542307
vt 0.568234 0.609414
vt 0.497695 0.588084
vt 0.545086 0.614416
vt 0.539697 0.663794
vt 0.529486 0.632136
vt 0.497395 0.680456
vt 0.500002 0.644908
vt 0.499964 0.615966
vt 0.511894 0.608720
vt 0.461439 0.664749
vt 0.470514 0.632136
vt 0.488106 0.608720
vt 0.454914 0.614416
vt 0.431766 0.609414
vt 0.469402 0.593525
vt 0.445893 0.589942
vt 0.447048 0.550483
vt 0.459532 0.562815
vt 0.479684 0.581874
vt 0.481643 0.560452
vt 0.487798 0.598655
vt 0.438506 0.542307
vt 0.456847 0.518905
vt 0.477063 0.535228
vt 0.486940 0.546182
vt 0.502926 0.547139
vt 0.512430 0.535153
vt 0.530891 0.538572
vt 0.543154 0.518905
vt 0.500000 0.529095
vt 0.503975 0.511746
vt 0.560516 0.530155
vt 0.525257 0.496655
vt 0.496224 0.493768
vt 0.476145 0.482959
vt 0.524091 0.481225
vt 0.462239 0.470556
vt 0.531130 0.463491
vt 0.551035 0.494004
vt 0.483165 0.510714
vt 0.439484 0.530154
vt 0.457039 0.502265
vt 0.445183 0.492005
vt 0.499073 0.739633
vt 0.507172 0.721728
vt 0.510740 0.738084
vt 0.499943 0.757554
vt 0.517798 0.739123
vt 0.517823 0.721549
vt 0.505256 0.702759
vt 0.489562 0.721540
vt 0.494450 0.700933
vt 0.489210 0.741235
vt 0.482202 0.739123
vt 0.482177 0.721549
s 1
usemtl Body
f 1/1/1 371/2/2 6/3/3
f 18/4/4 3/5/5 4/6/6
f 3/5/5 2/7/7 122/8/8
f 122/8/8 2/7/7 120/9/9
f 2/7/7 5/10/10 120/9/9
f 4/6/6 3/5/5 122/8/8
f 5/10/10 1/1/1 28/11/11
f 133/12/12 27/13/13 6/3/3
f 1/1/1 6/3/3 28/11/11
f 9/14/14 10/15/15 19/16/16
f 10/15/15 11/17/17 19/16/16
f 14/18/18 13/19/19 12/20/20
f 14/18/18 15/21/21 13/19/19
f 16/22/22 15/21/21 14/18/18
f 16/22/22 17/23/23 15/21/21
f 18/24/4 17/23/23 16/22/22
f 17/23/23 18/24/4 4/25/6
f 19/16/16 11/17/17 24/26/24
f 13/19/19 15/21/21 26/27/25
f 13/19/19 26/27/25 12/20/20
f 19/16/16 24/26/24 9/14/14
f 8/28/26 20/29/27 7/30/28
f 7/30/28 20/29/27 21/31/29
f 7/30/28 21/31/29 133/12/12
f 133/12/12 21/31/29 27/13/13
f 9/14/14 24/26/24 30/32/30
f 9/14/14 30/32/30 8/28/26
f 8/28/26 30/32/30 20/29/27
f 11/17/17 23/33/31 24/26/24
f 12/20/20 22/34/32 11/17/17
f 11/17/17 22/34/32 23/33/31
f 12/20/20 26/27/25 22/34/32
f 15/21/21 25/35/33 26/27/25
f 15/21/21 17/23/23 25/35/33
f 17/23/23 4/25/6 243/36/34
f 25/35/33 17/23/23 243/36/34
f 243/36/34 4/25/6 121/37/35
f 6/3/3 27/13/13 29/38/36
f 6/3/3 29/38/36 28/11/11
f 5/10/10 28/11/11 114/39/37
f 120/9/9 5/10/10 114/39/37
f 4/6/6 122/8/8 121/40/35
f 26/27/25 31/41/38 22/34/32
f 26/27/25 25/35/33 31/41/38
f 22/34/32 31/41/38 32/42/39
f 22/34/32 32/42/39 23/33/31
f 103/43/40 24/26/24 102/44/41
f 102/44/41 24/26/24 23/33/31
f 102/44/41 23/33/31 32/42/39
f 114/39/37 28/11/11 33/45/42
f 106/46/43 20/29/27 30/32/30
f 106/46/43 30/32/30 103/43/40
f 103/43/40 30/32/30 24/26/24
f 20/29/27 106/46/43 107/47/44
f 108/48/45 20/29/27 107/47/44
f 112/49/46 27/13/13 110/50/47
f 29/38/36 27/13/13 112/49/46
f 28/11/11 29/38/36 33/45/42
f 33/45/42 29/38/36 112/49/46
f 21/31/29 20/29/27 108/48/45
f 27/13/13 21/31/29 110/50/47
f 110/50/47 21/31/29 108/48/45
f 41/51/48 187/52/49 34/53/50
f 34/53/50 187/52/49 188/54/51
f 187/52/49 41/51/48 181/55/52
f 41/51/48 35/56/53 181/55/52
f 36/57/54 35/56/53 41/51/48
f 35/56/53 36/57/54 37/58/55
f 193/59/56 35/56/53 37/58/55
f 38/60/57 193/59/56 37/58/55
f 37/58/55 85/61/58 38/60/57
f 39/62/59 36/57/54 40/63/60
f 36/57/54 39/62/59 37/58/55
f 36/57/54 46/64/61 40/63/60
f 660/65/62 46/64/61 36/57/54
f 36/57/54 41/51/48 660/65/62
f 41/51/48 42/66/63 660/65/62
f 45/67/64 42/66/63 213/68/65
f 213/68/65 42/66/63 44/69/66
f 213/68/65 44/69/66 43/70/67
f 68/71/68 43/70/67 44/69/66
f 48/72/69 43/70/67 68/71/68
f 47/73/70 48/72/69 68/71/68
f 391/74/71 48/72/69 47/73/70
f 49/75/72 50/76/73 47/73/70
f 68/71/68 49/75/72 47/73/70
f 49/75/72 52/77/74 51/78/75
f 49/75/72 51/78/75 135/79/76
f 51/78/75 53/80/77 135/79/76
f 54/81/78 53/80/77 55/82/79
f 135/79/76 53/80/77 54/81/78
f 55/82/79 199/83/80 56/84/81
f 55/82/79 56/84/81 135/79/76
f 55/82/79 135/79/76 54/81/78
f 57/85/82 135/79/76 56/84/81
f 53/80/77 61/86/83 55/82/79
f 55/82/79 61/86/83 65/87/84
f 199/83/80 55/82/79 64/88/85
f 64/88/85 55/82/79 65/87/84
f 61/86/83 53/80/77 58/89/86
f 53/80/77 51/78/75 58/89/86
f 58/89/86 51/78/75 59/90/87
f 52/77/74 59/90/87 51/78/75
f 66/91/88 59/90/87 69/92/89
f 60/93/90 59/90/87 66/91/88
f 58/89/86 59/90/87 60/93/90
f 61/86/83 58/89/86 60/93/90
f 65/87/84 61/86/83 63/94/91
f 60/93/90 62/95/92 61/86/83
f 62/95/92 63/94/91 61/86/83
f 71/96/93 64/88/85 63/94/91
f 63/94/91 64/88/85 65/87/84
f 66/91/88 67/97/94 60/93/90
f 59/90/87 189/98/95 69/92/89
f 189/98/95 59/90/87 52/77/74
f 52/77/74 188/54/51 185/99/96
f 34/53/50 188/54/51 52/77/74
f 68/71/68 34/53/50 52/77/74
f 52/77/74 185/99/96 189/98/95
f 69/92/89 189/98/95 190/100/97
f 69/92/89 190/100/97 70/101/98
f 70/101/98 190/100/97 191/102/99
f 52/77/74 49/75/72 68/71/68
f 70/101/98 191/102/99 541/103/100
f 541/103/100 77/104/101 70/101/98
f 72/105/102 77/104/101 151/106/103
f 72/105/102 70/101/98 77/104/101
f 78/107/104 72/105/102 151/106/103
f 67/97/94 72/105/102 78/107/104
f 76/108/105 67/97/94 78/107/104
f 75/109/106 82/110/107 71/96/93
f 74/111/108 73/112/109 85/61/58
f 73/112/109 74/111/108 541/103/100
f 541/103/100 74/111/108 77/104/101
f 75/109/106 71/96/93 63/94/91
f 81/113/110 75/109/106 63/94/91
f 63/94/91 62/95/92 81/113/110
f 80/114/111 81/113/110 62/95/92
f 83/115/112 80/114/111 62/95/92
f 76/108/105 62/95/92 60/93/90
f 76/108/105 83/115/112 62/95/92
f 67/97/94 76/108/105 60/93/90
f 72/105/102 67/97/94 66/91/88
f 66/91/88 69/92/89 70/101/98
f 70/101/98 72/105/102 66/91/88
f 79/116/113 76/108/105 78/107/104
f 80/114/111 83/115/112 88/117/114
f 76/108/105 79/116/113 83/115/112
f 83/115/112 79/116/113 88/117/114
f 151/106/103 148/118/115 78/107/104
f 74/111/108 85/61/58 84/119/116
f 84/119/116 85/61/58 86/120/117
f 85/61/58 37/58/55 86/120/117
f 84/119/116 86/120/117 87/121/118
f 78/107/104 148/118/115 153/122/119
f 87/121/118 86/120/117 90/123/120
f 90/123/120 86/120/117 109/124/121
f 108/125/45 368/126/122 109/124/121
f 108/125/45 357/127/123 368/126/122
f 107/128/44 357/127/123 108/125/45
f 357/127/123 107/128/44 358/129/124
f 358/129/124 107/128/44 106/130/43
f 105/131/125 358/129/124 106/130/43
f 104/132/126 79/116/113 105/131/125
f 104/132/126 88/117/114 79/116/113
f 100/133/127 88/117/114 104/132/126
f 88/117/114 100/133/127 99/134/128
f 88/117/114 99/134/128 98/135/129
f 105/131/125 79/116/113 78/107/104
f 78/107/104 356/136/130 105/131/125
f 105/131/125 356/136/130 358/129/124
f 109/124/121 368/126/122 90/123/120
f 89/137/131 91/138/132 607/139/133
f 91/138/132 92/140/134 607/139/133
f 92/140/134 91/138/132 98/135/129
f 93/141/135 92/140/134 99/134/128
f 99/134/128 92/140/134 98/135/129
f 100/133/127 101/142/136 99/134/128
f 101/142/136 100/133/127 104/132/126
f 101/142/136 104/132/126 102/143/41
f 102/143/41 104/132/126 103/144/40
f 343/145/137 101/142/136 102/143/41
f 103/144/40 104/132/126 105/131/125
f 105/131/125 106/130/43 103/144/40
f 108/125/45 109/124/121 110/146/47
f 110/146/47 109/124/121 111/147/138
f 110/146/47 111/147/138 112/148/46
f 33/149/42 112/148/46 113/150/139
f 113/150/139 112/148/46 130/151/140
f 33/149/42 113/150/139 114/152/37
f 119/153/141 114/152/37 113/150/139
f 120/154/9 114/152/37 119/153/141
f 113/150/139 117/155/142 119/153/141
f 232/156/143 117/155/142 118/157/144
f 232/156/143 118/157/144 115/158/145
f 116/159/146 124/160/147 115/158/145
f 113/150/139 118/157/144 117/155/142
f 120/154/9 119/153/141 250/161/148
f 250/161/148 122/162/8 120/154/9
f 251/163/149 122/162/8 250/161/148
f 251/163/149 121/164/35 122/162/8
f 123/165/150 124/160/147 116/159/146
f 126/166/151 124/160/147 123/165/150
f 125/167/152 126/166/151 123/165/150
f 123/165/150 116/159/146 128/168/153
f 128/168/153 116/159/146 127/169/154
f 129/170/155 128/168/153 127/169/154
f 130/151/140 127/169/154 115/158/145
f 118/157/144 130/151/140 115/158/145
f 129/170/155 127/169/154 130/151/140
f 111/147/138 129/170/155 130/151/140
f 129/170/155 39/62/59 128/168/153
f 37/58/55 39/62/59 129/170/155
f 128/168/153 39/62/59 267/171/156
f 112/148/46 111/147/138 130/151/140
f 109/124/121 129/170/155 111/147/138
f 86/120/117 129/170/155 109/124/121
f 86/120/117 37/58/55 129/170/155
f 2/7/7 394/172/157 5/10/10
f 394/172/157 131/173/158 5/10/10
f 5/10/10 131/173/158 132/174/159
f 132/174/159 339/175/160 5/10/10
f 5/10/10 339/175/160 1/1/1
f 133/12/12 6/3/3 396/176/161
f 396/176/161 6/3/3 397/177/162
f 6/3/3 371/2/2 397/177/162
f 371/2/2 134/178/163 397/177/162
f 135/79/76 381/179/164 382/180/165
f 57/85/82 381/179/164 135/79/76
f 50/76/73 135/79/76 382/180/165
f 49/75/72 135/79/76 50/76/73
f 57/85/82 326/181/166 381/179/164
f 139/182/167 138/183/168 137/184/169
f 139/182/167 137/184/169 136/185/170
f 137/184/169 138/183/168 140/186/171
f 141/187/172 142/188/173 138/183/168
f 138/183/168 142/188/173 143/189/174
f 138/183/168 143/189/174 140/186/171
f 136/185/170 137/184/169 145/190/175
f 137/184/169 140/186/171 145/190/175
f 140/186/171 144/191/176 145/190/175
f 136/185/170 145/190/175 150/192/177
f 142/188/173 146/193/178 143/189/174
f 143/189/174 146/193/178 149/194/179
f 143/189/174 149/194/179 140/186/171
f 140/186/171 149/194/179 144/191/176
f 145/190/175 147/195/180 150/192/177
f 145/190/175 144/191/176 147/195/180
f 147/195/180 144/191/176 148/196/115
f 144/191/176 149/194/179 148/196/115
f 147/195/180 148/196/115 151/197/103
f 150/192/177 147/195/180 77/198/101
f 77/198/101 147/195/180 151/197/103
f 148/196/115 149/194/179 153/199/119
f 149/194/179 146/193/178 153/199/119
f 153/199/119 146/193/178 152/200/181
f 150/192/177 154/201/182 155/202/183
f 150/192/177 155/202/183 136/185/170
f 156/203/184 136/185/170 155/202/183
f 139/182/167 156/203/184 157/204/185
f 136/185/170 156/203/184 139/182/167
f 157/204/185 156/203/184 160/205/186
f 158/206/187 162/207/188 159/208/189
f 161/209/190 162/207/188 158/206/187
f 160/205/186 161/209/190 157/204/185
f 157/204/185 161/209/190 158/206/187
f 155/202/183 160/205/186 156/203/184
f 155/202/183 163/210/191 160/205/186
f 161/209/190 165/211/192 162/207/188
f 164/212/193 165/211/192 161/209/190
f 163/210/191 164/212/193 160/205/186
f 160/205/186 164/212/193 161/209/190
f 154/201/182 163/210/191 155/202/183
f 163/210/191 154/201/182 74/213/108
f 163/210/191 74/213/108 164/212/193
f 84/214/116 165/211/192 164/212/193
f 164/212/193 74/213/108 84/214/116
f 154/201/182 77/198/101 74/213/108
f 150/192/177 77/198/101 154/201/182
f 165/211/192 84/214/116 87/215/118
f 166/216/194 169/217/195 170/218/196
f 169/217/195 166/216/194 167/219/197
f 168/220/198 169/217/195 167/219/197
f 170/218/196 171/221/199 180/222/200
f 169/217/195 173/223/201 170/218/196
f 173/223/201 171/221/199 170/218/196
f 173/223/201 169/217/195 168/220/198
f 173/223/201 168/220/198 174/224/202
f 176/225/203 179/226/204 174/224/202
f 174/224/202 168/220/198 176/225/203
f 177/227/205 172/228/206 173/223/201
f 172/228/206 171/221/199 173/223/201
f 174/229/202 179/230/204 173/223/201
f 173/223/201 179/230/204 177/227/205
f 168/220/198 184/231/207 176/225/203
f 168/220/198 167/219/197 184/231/207
f 184/231/207 167/219/197 175/232/208
f 166/216/194 175/232/208 167/219/197
f 182/233/209 166/216/194 170/218/196
f 170/218/196 180/222/200 182/233/209
f 179/230/204 178/234/210 177/227/205
f 186/235/211 178/234/210 179/230/204
f 177/227/205 178/234/210 172/228/206
f 179/226/204 176/225/203 186/236/211
f 183/237/212 166/216/194 182/233/209
f 180/222/200 181/238/52 35/239/53
f 186/235/211 188/240/51 178/234/210
f 178/234/210 188/240/51 187/241/49
f 172/228/206 187/241/49 181/238/52
f 178/234/210 187/241/49 172/228/206
f 186/236/211 185/242/96 188/243/51
f 185/242/96 184/231/207 189/244/95
f 190/245/97 189/244/95 175/232/208
f 175/232/208 189/244/95 184/231/207
f 191/246/99 190/245/97 183/237/212
f 183/237/212 190/245/97 175/232/208
f 183/237/212 192/247/213 191/246/99
f 182/233/209 192/247/213 183/237/212
f 182/233/209 180/222/200 192/247/213
f 192/247/213 180/222/200 193/248/56
f 193/248/56 180/222/200 35/239/53
f 195/249/214 196/250/215 194/251/216
f 197/252/217 198/253/218 194/251/216
f 198/253/218 197/252/217 199/254/80
f 197/252/217 194/251/216 199/254/80
f 194/251/216 56/255/81 199/254/80
f 56/255/81 194/251/216 57/256/82
f 194/251/216 196/250/215 57/256/82
f 194/251/216 198/253/218 200/257/219
f 194/251/216 200/257/219 380/258/220
f 209/259/221 380/258/220 200/257/219
f 199/254/80 201/260/222 198/253/218
f 202/261/223 201/260/222 199/254/80
f 202/261/223 199/254/80 64/262/85
f 203/263/224 198/253/218 201/260/222
f 198/253/218 203/263/224 200/257/219
f 200/257/219 203/263/224 204/264/225
f 200/257/219 204/264/225 209/259/221
f 204/264/225 205/265/226 265/266/227
f 204/264/225 206/267/228 205/265/226
f 203/263/224 206/267/228 204/264/225
f 206/267/228 203/263/224 201/260/222
f 202/261/223 207/268/229 201/260/222
f 208/269/230 206/267/228 201/260/222
f 201/260/222 207/268/229 208/269/230
f 71/270/93 207/268/229 64/262/85
f 64/262/85 207/268/229 202/261/223
f 206/267/228 261/271/231 205/265/226
f 265/266/227 266/272/232 204/264/225
f 209/259/221 204/264/225 266/272/232
f 209/259/221 210/273/233 380/258/220
f 211/274/234 212/275/235 213/276/65
f 212/275/235 214/277/236 213/276/65
f 214/277/236 210/273/233 225/278/237
f 215/279/238 214/277/236 225/278/237
f 215/279/238 225/278/237 216/280/239
f 212/275/235 210/273/233 214/277/236
f 212/275/235 211/274/234 380/258/220
f 212/275/235 380/258/220 210/273/233
f 213/276/65 43/281/67 211/274/234
f 213/276/65 214/277/236 45/282/64
f 217/283/240 45/282/64 214/277/236
f 218/284/241 215/279/238 216/280/239
f 218/284/241 216/280/239 220/285/242
f 220/285/242 216/280/239 219/286/243
f 222/287/244 219/286/243 216/280/239
f 219/286/243 223/288/245 220/285/242
f 222/287/244 216/280/239 224/289/246
f 225/278/237 224/289/246 216/280/239
f 481/290/247 221/291/248 227/292/249
f 457/293/250 481/290/247 227/292/249
f 223/288/245 228/294/251 409/295/252
f 409/295/252 228/294/251 126/296/151
f 228/294/251 229/297/253 126/296/151
f 229/297/253 124/298/147 126/296/151
f 230/299/254 124/298/147 229/297/253
f 124/298/147 231/300/255 115/301/145
f 230/299/254 231/300/255 124/298/147
f 231/300/255 232/302/143 115/301/145
f 232/302/143 233/303/256 117/304/142
f 117/304/142 233/303/256 119/305/141
f 233/303/256 250/306/148 119/305/141
f 251/307/149 234/308/257 121/309/35
f 250/306/148 233/303/256 429/310/258
f 429/310/258 233/303/256 235/311/259
f 429/310/258 235/311/259 442/312/260
f 442/312/260 235/311/259 441/313/261
f 441/313/261 399/314/262 249/315/263
f 441/313/261 235/311/259 236/316/264
f 472/317/265 249/315/263 399/314/262
f 249/315/263 472/317/265 440/318/266
f 248/319/267 470/320/268 467/321/269
f 469/322/270 248/319/267 467/321/269
f 469/322/270 247/323/271 248/319/267
f 238/324/272 247/323/271 469/322/270
f 237/325/273 238/324/272 469/322/270
f 237/325/273 239/326/274 238/324/272
f 238/324/272 244/327/275 247/323/271
f 244/327/275 240/328/276 436/329/277
f 241/330/278 436/329/277 240/328/276
f 242/331/279 436/329/277 241/330/278
f 246/332/280 243/333/34 234/334/257
f 234/334/257 243/333/34 121/335/35
f 246/332/280 242/331/279 243/333/34
f 96/336/281 241/330/278 240/328/276
f 245/337/282 244/327/275 238/324/272
f 239/326/274 245/337/282 238/324/272
f 436/329/277 438/338/283 244/327/275
f 247/323/271 244/327/275 438/338/283
f 244/327/275 245/337/282 634/339/284
f 252/340/285 255/341/286 607/342/133
f 253/343/287 255/341/286 252/340/285
f 245/337/282 239/326/274 252/340/285
f 252/340/285 239/326/274 253/343/287
f 634/339/284 635/344/288 244/327/275
f 244/327/275 635/344/288 240/328/276
f 636/345/289 240/328/276 635/344/288
f 636/345/289 97/346/290 240/328/276
f 240/328/276 97/346/290 96/336/281
f 607/342/133 255/341/286 89/347/131
f 253/343/287 239/326/274 254/348/291
f 239/326/274 237/325/273 254/348/291
f 89/347/131 255/341/286 82/349/107
f 253/343/287 259/350/292 255/341/286
f 253/343/287 254/348/291 259/350/292
f 259/350/292 254/348/291 258/351/293
f 257/352/294 258/351/293 254/348/291
f 255/341/286 259/350/292 260/353/295
f 260/353/295 82/349/107 255/341/286
f 82/349/107 260/353/295 71/270/93
f 264/354/296 262/355/297 263/356/298
f 457/293/250 264/354/296 263/356/298
f 264/354/296 265/266/227 205/265/226
f 205/265/226 261/271/231 262/355/297
f 205/265/226 262/355/297 264/354/296
f 256/357/299 261/271/231 206/267/228
f 256/357/299 206/267/228 208/269/230
f 208/269/230 258/351/293 257/352/294
f 257/352/294 256/357/299 208/269/230
f 207/268/229 259/350/292 208/269/230
f 259/350/292 207/268/229 260/353/295
f 260/353/295 207/268/229 71/270/93
f 208/269/230 259/350/292 258/351/293
f 39/62/59 40/63/60 267/171/156
f 125/167/152 267/171/156 406/358/300
f 125/167/152 123/165/150 267/171/156
f 267/171/156 123/165/150 128/168/153
f 406/358/300 126/166/151 125/167/152
f 269/359/301 268/360/302 270/361/303
f 271/362/304 268/360/302 269/359/301
f 272/363/305 271/362/304 269/359/301
f 272/363/305 275/364/306 271/362/304
f 269/359/301 407/365/307 272/363/305
f 270/361/303 407/365/307 269/359/301
f 272/363/305 407/365/307 274/366/308
f 407/365/307 273/367/309 274/366/308
f 272/363/305 274/366/308 275/364/306
f 275/364/306 274/366/308 318/368/310
f 274/366/308 276/369/311 318/368/310
f 274/366/308 273/367/309 276/369/311
f 273/367/309 282/370/312 276/369/311
f 282/370/312 283/371/313 276/369/311
f 318/368/310 276/369/311 277/372/314
f 278/373/315 276/369/311 283/371/313
f 279/374/316 276/369/311 278/373/315
f 279/374/316 277/372/314 276/369/311
f 294/375/317 310/376/318 279/374/316
f 278/373/315 294/375/317 279/374/316
f 310/376/318 280/377/319 279/374/316
f 280/377/319 277/372/314 279/374/316
f 281/378/320 273/367/309 407/365/307
f 282/370/312 273/367/309 281/378/320
f 283/371/313 282/370/312 284/379/321
f 281/380/320 284/379/321 282/370/312
f 284/379/321 281/380/320 289/381/322
f 286/382/323 284/379/321 289/381/322
f 285/383/324 286/382/323 289/381/322
f 287/384/325 284/379/321 286/382/323
f 287/384/325 283/371/313 284/379/321
f 288/385/326 283/371/313 287/384/325
f 288/385/326 287/384/325 294/375/317
f 285/383/324 293/386/327 286/382/323
f 281/380/320 290/387/328 289/381/322
f 291/388/329 289/381/322 290/387/328
f 290/387/328 281/380/320 407/389/307
f 285/383/324 289/381/322 291/388/329
f 285/383/324 291/388/329 293/386/327
f 278/373/315 283/371/313 288/385/326
f 288/385/326 294/375/317 278/373/315
f 296/390/330 293/386/327 291/388/329
f 292/391/331 296/390/330 291/388/329
f 295/392/332 294/375/317 287/384/325
f 286/382/323 295/392/332 287/384/325
f 294/375/317 295/392/332 302/393/333
f 293/386/327 295/392/332 286/382/323
f 293/386/327 296/390/330 297/394/334
f 296/390/330 298/395/335 297/394/334
f 299/396/336 298/395/335 296/390/330
f 295/392/332 293/386/327 300/397/337
f 300/397/337 293/386/327 297/394/334
f 300/397/337 298/395/335 301/398/338
f 300/397/337 301/398/338 302/393/333
f 302/393/333 295/392/332 300/397/337
f 297/394/334 298/395/335 300/397/337
f 303/399/339 304/400/340 301/398/338
f 301/398/338 304/400/340 305/401/341
f 309/402/342 301/398/338 305/401/341
f 302/393/333 301/398/338 309/402/342
f 303/399/339 306/403/343 304/400/340
f 304/400/340 307/404/344 305/401/341
f 304/400/340 308/405/345 307/404/344
f 306/403/343 308/405/345 304/400/340
f 310/376/318 294/375/317 309/402/342
f 305/401/341 310/376/318 309/402/342
f 307/404/344 280/377/319 310/376/318
f 307/404/344 310/376/318 305/401/341
f 306/403/343 312/406/346 308/405/345
f 303/399/339 299/407/336 306/403/343
f 299/407/336 311/408/347 306/403/343
f 299/407/336 268/360/302 311/408/347
f 408/409/348 268/360/302 299/407/336
f 312/406/346 306/403/343 311/408/347
f 313/410/349 312/406/346 311/408/347
f 268/360/302 313/410/349 311/408/347
f 268/360/302 408/409/348 270/361/303
f 313/410/349 268/360/302 271/362/304
f 299/407/336 303/399/339 298/411/335
f 298/411/335 303/399/339 301/398/338
f 314/412/350 315/413/351 319/414/352
f 316/415/353 315/413/351 318/416/310
f 318/416/310 277/417/354 316/415/353
f 316/415/353 277/417/354 280/418/355
f 317/419/356 322/420/357 316/415/353
f 315/413/351 316/415/353 322/420/357
f 316/415/353 280/418/355 317/419/356
f 319/414/352 315/413/351 322/420/357
f 314/412/350 318/416/310 315/413/351
f 314/412/350 275/421/306 318/416/310
f 271/422/358 275/421/306 314/412/350
f 314/412/350 319/414/352 321/423/359
f 271/422/358 314/412/350 321/423/359
f 320/424/360 321/423/359 319/414/352
f 322/420/357 317/419/356 324/425/361
f 322/420/357 324/425/361 323/426/362
f 271/422/358 321/423/359 313/427/363
f 321/423/359 320/424/360 313/427/363
f 307/428/364 317/419/356 280/418/355
f 324/425/361 317/419/356 307/428/364
f 308/429/345 324/425/361 307/428/364
f 313/427/363 320/424/360 312/430/346
f 323/426/362 319/414/352 322/420/357
f 323/426/362 324/425/361 320/424/360
f 324/425/361 308/429/345 320/424/360
f 308/429/345 312/430/346 320/424/360
f 320/424/360 319/414/352 323/426/362
f 325/431/365 327/432/366 377/433/367
f 327/432/366 375/434/368 377/433/367
f 376/435/369 375/434/368 327/432/366
f 48/436/69 391/437/71 325/431/365
f 391/437/71 327/432/366 325/431/365
f 326/438/166 57/439/82 327/432/366
f 327/432/366 57/439/82 376/435/369
f 328/440/370 327/432/366 391/437/71
f 328/440/370 326/438/166 327/432/366
f 335/441/371 329/442/372 334/443/373
f 16/444/22 329/442/372 18/445/4
f 330/446/374 14/447/18 12/448/20
f 11/449/17 330/446/374 12/448/20
f 10/450/15 330/446/374 11/449/17
f 329/442/372 331/451/375 18/445/4
f 331/451/375 329/442/372 335/441/371
f 18/445/4 331/451/375 3/452/5
f 332/453/376 10/450/15 9/454/14
f 332/453/376 9/454/14 8/455/26
f 332/453/376 8/455/26 333/456/377
f 333/456/377 8/455/26 7/457/28
f 14/447/18 334/443/373 16/444/22
f 16/444/22 334/443/373 329/442/372
f 330/446/374 334/443/373 14/447/18
f 333/456/377 336/458/378 332/453/376
f 335/441/371 334/443/373 336/458/378
f 336/458/378 334/443/373 337/459/379
f 332/453/376 336/458/378 337/459/379
f 332/453/376 337/459/379 10/450/15
f 10/450/15 337/459/379 330/446/374
f 337/459/379 334/443/373 330/446/374
f 331/451/375 335/441/371 393/460/380
f 338/461/381 335/441/371 342/462/382
f 338/461/381 342/462/382 339/463/160
f 393/460/380 335/441/371 338/461/381
f 3/452/5 331/451/375 2/464/7
f 2/464/7 331/451/375 393/460/380
f 333/456/377 341/465/383 336/458/378
f 341/465/383 340/466/384 336/458/378
f 336/458/378 340/466/384 335/441/371
f 335/441/371 340/466/384 342/462/382
f 7/457/28 133/467/12 333/456/377
f 333/456/377 133/467/12 341/465/383
f 341/465/383 133/467/12 396/468/161
f 2/464/7 393/460/380 394/469/157
f 338/461/381 339/463/160 132/470/159
f 340/466/384 397/471/162 134/472/163
f 342/462/382 340/466/384 134/472/163
f 101/142/136 343/145/137 93/141/135
f 343/145/137 344/473/385 96/474/281
f 96/474/281 95/475/386 343/145/137
f 96/474/281 344/473/385 241/476/278
f 25/477/33 241/476/278 344/473/385
f 242/478/279 241/476/278 25/477/33
f 243/479/34 242/478/279 25/477/33
f 344/473/385 31/480/38 25/477/33
f 343/145/137 32/481/39 344/473/385
f 344/473/385 32/481/39 31/480/38
f 343/145/137 102/143/41 32/481/39
f 343/145/137 95/475/386 94/482/387
f 343/145/137 94/482/387 93/141/135
f 93/141/135 99/134/128 101/142/136
f 345/483/388 346/484/389 352/485/390
f 347/486/391 346/484/389 345/483/388
f 347/486/391 345/483/388 348/487/392
f 345/483/388 349/488/393 348/487/392
f 345/483/388 352/485/390 349/488/393
f 348/487/392 349/488/393 350/489/394
f 348/487/392 350/489/394 141/490/172
f 141/490/172 350/489/394 142/491/173
f 405/492/395 346/484/389 347/486/391
f 350/489/394 354/493/396 142/491/173
f 350/489/394 349/488/393 354/493/396
f 349/488/393 351/494/397 354/493/396
f 142/491/173 354/493/396 146/495/178
f 349/488/393 352/485/390 351/494/397
f 352/485/390 346/484/389 353/496/398
f 352/485/390 353/496/398 355/497/399
f 351/494/397 352/485/390 355/497/399
f 354/493/396 351/494/397 358/498/124
f 351/494/397 355/497/399 358/498/124
f 146/495/178 354/493/396 152/499/181
f 152/499/181 354/493/396 356/500/130
f 354/493/396 358/498/124 356/500/130
f 353/496/398 357/501/123 355/497/399
f 355/497/399 357/501/123 358/498/124
f 359/502/400 367/503/401 353/496/398
f 346/484/389 359/502/400 353/496/398
f 365/504/402 359/502/400 360/505/403
f 361/506/404 365/504/402 360/505/403
f 361/506/404 360/505/403 363/507/405
f 362/508/406 365/504/402 361/506/404
f 159/509/189 362/508/406 361/506/404
f 162/510/188 362/508/406 159/509/189
f 360/505/403 346/484/389 363/507/405
f 363/507/405 346/484/389 405/492/395
f 359/502/400 346/484/389 360/505/403
f 162/510/188 364/511/407 362/508/406
f 364/511/407 365/504/402 362/508/406
f 364/511/407 366/512/408 365/504/402
f 366/512/408 359/502/400 365/504/402
f 165/513/192 364/511/407 162/510/188
f 359/502/400 366/512/408 367/503/401
f 366/512/408 364/511/407 368/514/122
f 366/512/408 368/514/122 367/503/401
f 165/513/192 87/515/118 364/511/407
f 364/511/407 87/515/118 90/516/120
f 364/511/407 90/516/120 368/514/122
f 367/503/401 357/501/123 353/496/398
f 368/514/122 357/501/123 367/503/401
f 369/517/409 370/518/410 372/519/411
f 369/517/409 342/520/382 370/518/410
f 339/521/160 342/520/382 369/517/409
f 342/520/382 134/522/163 370/518/410
f 370/518/410 371/523/2 372/519/411
f 372/519/411 1/524/1 373/525/412
f 372/519/411 371/523/2 1/524/1
f 134/522/163 371/523/2 370/518/410
f 339/521/160 373/525/412 1/524/1
f 369/517/409 372/519/411 373/525/412
f 339/521/160 369/517/409 373/525/412
f 374/526/413 375/527/368 376/528/369
f 374/526/413 377/529/367 375/527/368
f 325/530/365 377/529/367 374/526/413
f 378/531/414 325/530/365 374/526/413
f 48/532/69 325/530/365 378/531/414
f 591/533/415 374/526/413 376/528/369
f 591/533/415 376/528/369 57/534/82
f 378/531/414 374/526/413 379/535/416
f 379/535/416 374/526/413 591/533/415
f 594/536/417 211/274/234 48/537/69
f 594/536/417 48/537/69 378/538/414
f 594/536/417 592/539/418 380/258/220
f 380/258/220 211/274/234 594/536/417
f 380/258/220 592/539/418 194/251/216
f 194/251/216 592/539/418 195/249/214
f 48/537/69 211/274/234 43/281/67
f 81/113/110 91/138/132 75/109/106
f 91/138/132 82/110/107 75/109/106
f 381/540/164 385/541/419 382/542/165
f 381/540/164 383/543/420 385/541/419
f 386/544/421 382/542/165 385/541/419
f 50/545/73 382/542/165 386/544/421
f 383/543/420 390/546/422 385/541/419
f 383/543/420 384/547/423 390/546/422
f 385/541/419 390/546/422 386/544/421
f 326/548/166 384/547/423 383/543/420
f 328/549/370 384/547/423 326/548/166
f 326/548/166 383/543/420 381/540/164
f 47/550/70 388/551/424 387/552/425
f 389/553/426 47/550/70 387/552/425
f 388/551/424 50/554/73 386/555/421
f 389/553/426 390/556/422 384/557/423
f 389/553/426 387/552/425 390/556/422
f 387/552/425 388/551/424 390/556/422
f 388/551/424 386/555/421 390/556/422
f 391/558/71 47/550/70 389/553/426
f 384/557/423 391/558/71 389/553/426
f 47/550/70 50/554/73 388/551/424
f 328/559/370 391/558/71 384/557/423
f 393/560/380 392/561/427 394/562/157
f 131/563/158 394/562/157 392/561/427
f 338/564/381 392/561/427 393/560/380
f 338/564/381 132/565/159 392/561/427
f 132/565/159 131/563/158 392/561/427
f 395/566/428 341/567/383 396/568/161
f 395/566/428 396/568/161 397/569/162
f 340/570/384 341/567/383 395/566/428
f 340/570/384 395/566/428 397/569/162
f 80/114/111 88/117/114 81/113/110
f 81/113/110 88/117/114 98/135/129
f 98/135/129 91/138/132 81/113/110
f 91/138/132 89/137/131 82/110/107
f 78/107/104 153/122/119 152/571/181
f 78/107/104 152/571/181 356/136/130
f 34/53/50 68/71/68 44/69/66
f 42/66/63 34/53/50 44/69/66
f 41/51/48 34/53/50 42/66/63
f 127/169/154 116/159/146 115/158/145
f 130/151/140 118/157/144 113/150/139
f 183/237/212 175/232/208 166/216/194
f 176/225/203 184/231/207 185/242/96
f 176/225/203 185/242/96 186/236/211
f 181/238/52 171/221/199 172/228/206
f 171/221/199 181/238/52 180/222/200
f 471/572/429 470/573/268 439/574/430
f 439/574/430 440/575/266 471/572/429
f 236/316/264 399/314/262 441/313/261
f 231/300/255 236/316/264 232/302/143
f 231/300/255 398/576/431 236/316/264
f 236/316/264 398/576/431 400/577/432
f 400/577/432 399/314/262 236/316/264
f 235/311/259 232/302/143 236/316/264
f 233/303/256 232/302/143 235/311/259
f 398/576/431 231/300/255 230/299/254
f 398/576/431 230/299/254 401/578/433
f 401/578/433 230/299/254 229/297/253
f 401/578/433 229/297/253 223/288/245
f 223/288/245 229/297/253 228/294/251
f 309/402/342 294/375/317 302/393/333
f 139/182/167 403/579/434 138/183/168
f 139/182/167 402/580/435 403/579/434
f 138/183/168 403/579/434 141/187/172
f 157/204/185 402/580/435 139/182/167
f 404/581/436 402/580/435 157/204/185
f 158/206/187 404/581/436 157/204/185
f 159/208/189 404/581/436 158/206/187
f 348/487/392 403/582/434 347/486/391
f 141/490/172 403/582/434 348/487/392
f 403/582/434 402/583/435 347/486/391
f 347/486/391 402/583/435 405/492/395
f 405/492/395 402/583/435 363/507/405
f 363/507/405 402/583/435 404/584/436
f 363/507/405 404/584/436 361/506/404
f 361/506/404 404/584/436 159/509/189
f 270/585/303 408/586/348 126/587/151
f 267/588/156 40/589/60 406/590/300
f 40/589/60 407/591/307 406/590/300
f 406/590/300 407/591/307 126/587/151
f 126/587/151 407/591/307 270/585/303
f 409/592/252 126/593/151 408/594/348
f 409/592/252 220/595/242 223/596/245
f 409/592/252 299/597/336 220/595/242
f 408/594/348 299/597/336 409/592/252
f 196/250/215 591/598/415 57/256/82
f 584/599/437 415/600/438 487/601/439
f 413/602/440 412/603/441 411/604/442
f 411/604/442 414/605/443 484/606/444
f 484/606/444 414/605/443 443/607/445
f 484/606/444 443/607/445 410/608/446
f 411/604/442 412/603/441 414/605/443
f 415/600/438 410/608/446 432/609/447
f 487/601/439 433/610/448 416/611/449
f 432/609/447 487/601/439 415/600/438
f 549/612/450 426/613/451 419/614/452
f 549/612/450 419/614/452 420/615/453
f 421/616/454 423/617/455 547/618/456
f 423/617/455 424/619/457 547/618/456
f 547/618/456 424/619/457 546/620/458
f 424/619/457 425/621/459 546/620/458
f 546/620/458 425/621/459 413/622/440
f 413/622/440 425/621/459 412/623/441
f 422/624/460 420/615/453 419/614/452
f 423/617/455 427/625/461 424/619/457
f 421/616/454 427/625/461 423/617/455
f 426/613/451 422/624/460 419/614/452
f 431/626/462 422/624/460 426/613/451
f 418/627/463 431/626/462 426/613/451
f 417/628/464 439/574/430 418/627/463
f 439/574/430 431/626/462 418/627/463
f 430/629/465 439/574/430 417/628/464
f 416/611/449 430/629/465 417/628/464
f 433/610/448 430/629/465 416/611/449
f 422/624/460 434/630/466 420/615/453
f 434/630/466 435/631/467 420/615/453
f 420/615/453 435/631/467 421/616/454
f 435/631/467 427/625/461 421/616/454
f 427/625/461 437/632/468 424/619/457
f 424/619/457 437/632/468 425/621/459
f 425/621/459 246/633/280 412/623/441
f 425/621/459 437/632/468 246/633/280
f 412/623/441 246/633/280 234/634/257
f 428/635/469 433/610/448 487/601/439
f 432/609/447 428/635/469 487/601/439
f 410/608/446 429/636/258 432/609/447
f 410/608/446 443/607/445 429/636/258
f 412/603/441 234/637/257 414/605/443
f 435/631/467 436/638/277 427/625/461
f 436/638/277 437/632/468 427/625/461
f 438/639/283 436/638/277 435/631/467
f 434/630/466 438/639/283 435/631/467
f 438/639/283 434/630/466 247/640/271
f 434/630/466 422/624/460 247/640/271
f 247/640/271 422/624/460 248/641/267
f 422/624/460 431/626/462 248/641/267
f 248/641/267 431/626/462 470/573/268
f 470/573/268 431/626/462 439/574/430
f 250/642/148 429/636/258 443/607/445
f 250/642/148 443/607/445 251/643/149
f 251/643/149 443/607/445 414/605/443
f 251/643/149 414/605/443 234/637/257
f 432/609/447 429/636/258 442/644/260
f 433/610/448 441/645/261 249/646/263
f 428/635/469 441/645/261 433/610/448
f 432/609/447 442/644/260 428/635/469
f 428/635/469 442/644/260 441/645/261
f 430/629/465 440/575/266 439/574/430
f 433/610/448 249/646/263 430/629/465
f 430/629/465 249/646/263 440/575/266
f 448/647/470 447/648/471 531/649/472
f 449/650/473 447/648/471 266/651/232
f 446/652/474 529/653/475 266/651/232
f 266/651/232 529/653/475 449/650/473
f 446/652/474 450/654/476 529/653/475
f 224/655/246 226/656/477 452/657/478
f 224/655/246 452/657/478 454/658/479
f 226/656/477 453/659/480 522/660/481
f 522/660/481 453/659/480 523/661/482
f 453/659/480 448/662/470 523/661/482
f 523/661/482 448/662/470 531/663/472
f 450/654/476 444/664/483 451/665/484
f 445/666/485 444/664/483 450/654/476
f 445/666/485 450/654/476 446/652/474
f 451/665/484 444/664/483 452/657/478
f 452/657/478 444/664/483 454/658/479
f 454/658/479 462/667/486 455/668/487
f 462/667/486 454/658/479 463/669/488
f 444/664/483 463/669/488 454/658/479
f 463/669/488 444/664/483 466/670/489
f 445/666/485 466/670/489 444/664/483
f 466/670/489 445/666/485 456/671/490
f 445/666/485 457/672/250 456/671/490
f 458/673/491 464/674/492 456/671/490
f 464/674/492 458/673/491 459/675/493
f 459/675/493 458/673/491 460/676/494
f 460/676/494 458/673/491 465/677/495
f 459/675/493 460/678/494 461/679/496
f 462/667/486 459/675/493 461/679/496
f 463/669/488 464/674/492 462/667/486
f 462/667/486 464/674/492 459/675/493
f 456/671/490 465/677/495 458/673/491
f 463/669/488 466/670/489 464/674/492
f 464/674/492 466/670/489 456/671/490
f 461/679/496 455/668/487 462/667/486
f 455/668/487 461/679/496 221/680/248
f 460/678/494 221/680/248 461/679/496
f 221/680/248 460/678/494 227/681/249
f 469/322/270 467/321/269 474/682/497
f 254/348/291 469/322/270 474/682/497
f 237/325/273 469/322/270 254/348/291
f 468/683/498 467/321/269 470/320/268
f 470/320/268 471/684/429 468/683/498
f 468/683/498 471/684/429 477/685/499
f 471/684/429 440/318/266 477/685/499
f 477/685/499 440/318/266 580/686/500
f 440/318/266 472/317/265 580/686/500
f 475/687/501 474/682/497 467/321/269
f 475/687/501 467/321/269 476/688/502
f 476/688/502 467/321/269 468/683/498
f 478/689/503 472/317/265 473/690/504
f 472/317/265 478/689/503 580/686/500
f 516/691/505 478/689/503 473/690/504
f 479/692/506 475/687/501 476/688/502
f 480/693/507 516/691/505 473/690/504
f 221/291/248 480/693/507 473/690/504
f 221/291/248 473/690/504 222/287/244
f 481/290/247 480/693/507 221/291/248
f 475/687/501 256/357/299 474/682/497
f 256/357/299 257/352/294 474/682/497
f 474/682/497 257/352/294 254/348/291
f 475/687/501 504/694/508 483/695/509
f 482/696/510 504/694/508 475/687/501
f 482/696/510 475/687/501 479/692/506
f 223/288/245 219/286/243 401/578/433
f 401/578/433 219/286/243 400/577/432
f 398/576/431 401/578/433 400/577/432
f 222/287/244 400/577/432 219/286/243
f 400/577/432 472/317/265 399/314/262
f 473/690/504 472/317/265 400/577/432
f 222/287/244 473/690/504 400/577/432
f 263/356/298 481/290/247 457/293/250
f 262/355/297 483/695/509 263/356/298
f 483/695/509 262/355/297 475/687/501
f 475/687/501 262/355/297 261/271/231
f 261/271/231 256/357/299 475/687/501
f 457/293/250 445/697/485 264/354/296
f 455/698/487 221/291/248 222/287/244
f 222/287/244 454/699/479 455/698/487
f 222/287/244 224/289/246 454/699/479
f 226/700/477 224/289/246 225/278/237
f 226/700/477 225/278/237 453/701/480
f 210/273/233 453/701/480 225/278/237
f 453/701/480 210/273/233 448/702/470
f 209/259/221 448/702/470 210/273/233
f 447/703/471 448/702/470 209/259/221
f 266/272/232 447/703/471 209/259/221
f 446/704/474 266/272/232 265/266/227
f 264/354/296 446/704/474 265/266/227
f 445/697/485 446/704/474 264/354/296
f 410/608/446 598/705/511 484/606/444
f 410/608/446 599/706/512 598/705/511
f 410/608/446 485/707/513 599/706/512
f 485/707/513 410/608/446 486/708/514
f 486/708/514 410/608/446 415/600/438
f 416/611/449 601/709/515 487/601/439
f 601/709/515 488/710/516 487/601/439
f 488/710/516 584/599/437 487/601/439
f 488/710/516 559/711/517 584/599/437
f 491/712/518 489/713/519 490/714/520
f 492/715/521 489/713/519 491/712/518
f 490/714/520 489/713/519 496/716/522
f 493/717/523 499/718/524 494/719/525
f 498/720/526 499/718/524 493/717/523
f 496/716/522 498/720/526 490/714/520
f 490/714/520 498/720/526 493/717/523
f 489/713/519 492/715/521 495/721/527
f 495/721/527 496/716/522 489/713/519
f 495/721/527 502/722/528 496/716/522
f 497/723/529 495/721/527 492/715/521
f 498/720/526 503/724/530 499/718/524
f 500/725/531 503/724/530 498/720/526
f 502/722/528 500/725/531 496/716/522
f 496/716/522 500/725/531 498/720/526
f 497/723/529 501/726/532 495/721/527
f 501/726/532 502/722/528 495/721/527
f 502/722/528 501/726/532 504/727/508
f 502/722/528 504/727/508 500/725/531
f 501/726/532 483/728/509 504/727/508
f 497/723/529 263/729/298 501/726/532
f 501/726/532 263/729/298 483/728/509
f 500/725/531 504/727/508 482/730/510
f 500/725/531 482/730/510 503/724/530
f 503/724/530 482/730/510 479/731/506
f 506/732/533 505/733/534 497/723/529
f 492/715/521 506/732/533 497/723/529
f 492/715/521 507/734/535 506/732/533
f 491/712/518 508/735/536 507/734/535
f 491/712/518 507/734/535 492/715/521
f 507/734/535 508/735/536 509/736/537
f 510/737/538 511/738/539 508/735/536
f 508/735/536 511/738/539 512/739/540
f 508/735/536 512/739/540 509/736/537
f 507/734/535 509/736/537 506/732/533
f 509/736/537 513/740/541 506/732/533
f 511/738/539 514/741/542 512/739/540
f 512/739/540 514/741/542 515/742/543
f 512/739/540 515/742/543 509/736/537
f 509/736/537 515/742/543 513/740/541
f 506/732/533 513/740/541 505/733/534
f 505/733/534 513/740/541 481/743/247
f 513/740/541 515/742/543 481/743/247
f 515/742/543 514/741/542 480/744/507
f 481/743/247 515/742/543 480/744/507
f 505/733/534 481/743/247 263/729/298
f 497/723/529 505/733/534 263/729/298
f 480/744/507 514/741/542 516/745/505
f 530/746/544 517/747/545 518/748/546
f 519/749/547 530/746/544 518/748/546
f 519/749/547 518/748/546 520/750/548
f 452/657/478 521/751/549 517/747/545
f 517/747/545 528/752/550 518/748/546
f 528/752/550 517/747/545 521/751/549
f 520/750/548 518/748/546 528/752/550
f 524/753/551 520/750/548 528/752/550
f 524/753/551 525/754/552 526/755/553
f 520/750/548 524/753/551 526/755/553
f 528/752/550 522/660/481 527/756/554
f 522/660/481 528/752/550 521/751/549
f 524/757/551 528/752/550 525/758/552
f 525/758/552 528/752/550 527/756/554
f 526/755/553 449/650/473 520/750/548
f 449/650/473 519/749/547 520/750/548
f 529/653/475 519/749/547 449/650/473
f 529/653/475 530/746/544 519/749/547
f 517/747/545 530/746/544 451/665/484
f 452/657/478 517/747/545 451/665/484
f 527/756/554 523/661/482 525/758/552
f 525/758/552 523/661/482 531/663/472
f 523/661/482 527/756/554 522/660/481
f 526/755/553 525/754/552 531/649/472
f 451/665/484 530/746/544 450/654/476
f 450/654/476 530/746/544 529/653/475
f 526/755/553 447/648/471 449/650/473
f 531/649/472 447/648/471 526/755/553
f 522/660/481 521/751/549 226/656/477
f 452/657/478 226/656/477 521/751/549
f 534/759/555 538/760/556 539/761/557
f 539/761/557 540/762/558 534/759/555
f 532/763/559 542/764/560 533/765/561
f 533/765/561 540/762/558 532/763/559
f 534/759/555 540/762/558 533/765/561
f 537/766/562 534/759/555 535/767/563
f 533/765/561 535/767/563 534/759/555
f 533/765/561 542/768/560 535/767/563
f 535/767/563 542/768/560 536/769/564
f 535/767/563 536/769/564 537/766/562
f 534/759/555 537/766/562 538/760/556
f 193/248/56 38/770/57 540/762/558
f 539/761/557 193/248/56 540/762/558
f 539/761/557 192/247/213 193/248/56
f 538/760/556 192/247/213 539/761/557
f 191/246/99 192/247/213 538/760/556
f 537/766/562 191/246/99 538/760/556
f 537/766/562 541/771/100 191/246/99
f 532/763/559 540/762/558 38/770/57
f 85/772/58 532/763/559 38/770/57
f 542/764/560 532/763/559 85/772/58
f 85/772/58 73/773/109 542/764/560
f 536/769/564 542/768/560 73/774/109
f 541/771/100 536/769/564 73/774/109
f 541/771/100 537/766/562 536/769/564
f 554/775/565 543/776/566 544/777/567
f 545/778/568 554/775/565 544/777/567
f 545/778/568 546/779/458 413/780/440
f 421/781/454 547/782/456 548/783/569
f 548/783/569 420/784/453 421/781/454
f 548/783/569 549/785/450 420/784/453
f 545/778/568 413/780/440 550/786/570
f 550/786/570 554/775/565 545/778/568
f 550/786/570 413/780/440 411/787/442
f 426/788/451 549/785/450 551/789/571
f 418/790/463 426/788/451 551/789/571
f 552/791/572 418/790/463 551/789/571
f 417/792/464 418/790/463 552/791/572
f 545/778/568 544/777/567 546/779/458
f 546/779/458 544/777/567 547/782/456
f 544/777/567 543/776/566 547/782/456
f 547/782/456 543/776/566 548/783/569
f 552/791/572 551/789/571 556/793/573
f 556/793/573 543/776/566 554/775/565
f 556/793/573 551/789/571 543/776/566
f 548/783/569 543/776/566 549/785/450
f 549/785/450 543/776/566 551/789/571
f 550/786/570 553/794/574 554/775/565
f 554/775/565 560/795/575 555/796/576
f 560/795/575 486/797/514 555/796/576
f 553/794/574 560/795/575 554/775/565
f 411/787/442 484/798/444 550/786/570
f 550/786/570 484/798/444 553/794/574
f 556/793/573 557/799/577 552/791/572
f 556/793/573 558/800/578 557/799/577
f 555/796/576 558/800/578 554/775/565
f 554/775/565 558/800/578 556/793/573
f 557/799/577 416/801/449 552/791/572
f 552/791/572 416/801/449 417/792/464
f 416/801/449 557/799/577 601/802/515
f 598/803/511 553/794/574 484/798/444
f 560/795/575 485/804/513 486/797/514
f 559/805/517 488/806/516 558/800/578
f 555/796/576 559/805/517 558/800/578
f 568/807/579 561/808/580 562/809/581
f 562/809/581 561/808/580 565/810/582
f 563/811/583 562/809/581 565/810/582
f 563/811/583 567/812/584 562/809/581
f 567/812/584 568/807/579 562/809/581
f 564/813/585 567/812/584 563/811/583
f 494/814/525 564/813/585 563/811/583
f 499/815/524 564/813/585 494/814/525
f 499/815/524 566/816/586 564/813/585
f 566/816/586 567/812/584 564/813/585
f 566/816/586 569/817/587 567/812/584
f 503/818/530 566/816/586 499/815/524
f 569/817/587 568/807/579 567/812/584
f 561/808/580 568/807/579 571/819/588
f 568/807/579 570/820/589 571/819/588
f 568/807/579 569/817/587 570/820/589
f 569/817/587 566/816/586 468/821/498
f 569/817/587 468/821/498 570/820/589
f 503/818/530 479/822/506 566/816/586
f 566/816/586 479/822/506 476/823/502
f 566/816/586 476/823/502 468/821/498
f 570/820/589 477/824/499 571/819/588
f 468/821/498 477/824/499 570/820/589
f 572/825/590 571/819/588 579/826/591
f 572/825/590 561/808/580 571/819/588
f 576/827/592 572/825/590 573/828/593
f 576/827/592 573/828/593 574/829/594
f 605/830/595 576/827/592 574/829/594
f 574/829/594 573/828/593 575/831/596
f 574/829/594 575/831/596 510/832/538
f 510/832/538 575/831/596 511/833/539
f 605/830/595 561/808/580 576/827/592
f 565/810/582 561/808/580 605/830/595
f 576/827/592 561/808/580 572/825/590
f 575/831/596 578/834/597 511/833/539
f 575/831/596 573/828/593 578/834/597
f 573/828/593 577/835/598 578/834/597
f 573/828/593 572/825/590 577/835/598
f 511/833/539 578/834/597 514/836/542
f 577/835/598 572/825/590 579/826/591
f 578/834/597 577/835/598 580/837/500
f 577/835/598 579/826/591 580/837/500
f 514/836/542 578/834/597 516/838/505
f 516/838/505 578/834/597 478/839/503
f 578/834/597 580/837/500 478/839/503
f 571/819/588 477/824/499 579/826/591
f 579/826/591 477/824/499 580/837/500
f 465/677/495 456/671/490 457/672/250
f 227/840/249 465/677/495 457/672/250
f 465/677/495 227/840/249 460/676/494
f 583/841/599 581/842/600 582/843/601
f 555/844/576 583/841/599 582/843/601
f 486/845/514 583/841/599 555/844/576
f 582/843/601 559/846/517 555/844/576
f 581/842/600 584/847/437 582/843/601
f 585/848/602 415/849/438 581/842/600
f 581/842/600 415/849/438 584/847/437
f 582/843/601 584/847/437 559/846/517
f 415/849/438 585/848/602 486/845/514
f 585/848/602 581/842/600 583/841/599
f 583/841/599 486/845/514 585/848/602
f 195/850/214 586/851/603 196/852/215
f 586/851/603 588/853/604 196/852/215
f 195/850/214 587/854/605 586/851/603
f 592/855/418 587/854/605 195/850/214
f 586/851/603 590/856/606 588/853/604
f 588/853/604 590/856/606 589/857/607
f 587/854/605 590/856/606 586/851/603
f 588/853/604 589/857/607 591/858/415
f 591/858/415 589/857/607 379/859/416
f 196/852/215 588/853/604 591/858/415
f 594/860/417 593/861/608 596/862/609
f 594/860/417 595/863/610 593/861/608
f 592/864/418 596/862/609 587/865/605
f 589/866/607 590/867/606 595/863/610
f 595/863/610 590/867/606 593/861/608
f 590/867/606 596/862/609 593/861/608
f 587/865/605 596/862/609 590/867/606
f 378/868/414 595/863/610 594/860/417
f 378/868/414 589/866/607 595/863/610
f 592/864/418 594/860/417 596/862/609
f 379/869/416 589/866/607 378/868/414
f 597/870/611 553/871/574 598/872/511
f 597/870/611 598/872/511 599/873/512
f 560/874/575 553/871/574 597/870/611
f 560/874/575 597/870/611 485/875/513
f 597/870/611 599/873/512 485/875/513
f 557/876/577 600/877/612 601/878/515
f 488/879/516 601/878/515 600/877/612
f 558/880/578 600/877/612 557/876/577
f 558/880/578 488/879/516 600/877/612
f 493/717/523 602/881/613 490/714/520
f 602/881/613 603/882/614 490/714/520
f 490/714/520 603/882/614 491/712/518
f 494/719/525 602/881/613 493/717/523
f 491/712/518 603/882/614 604/883/615
f 491/712/518 604/883/615 508/735/536
f 508/735/536 604/883/615 510/737/538
f 565/810/582 602/884/613 563/811/583
f 563/811/583 602/884/613 494/814/525
f 565/810/582 603/885/614 602/884/613
f 605/830/595 603/885/614 565/810/582
f 604/886/615 603/885/614 605/830/595
f 574/829/594 604/886/615 605/830/595
f 510/832/538 604/886/615 574/829/594
f 436/329/277 242/331/279 437/887/468
f 246/332/280 437/887/468 242/331/279
f 609/897/617 93/898/135 94/899/387
f 95/900/386 608/901/618 94/899/387
f 608/901/618 95/900/386 96/902/281
f 631/903/619 92/904/134 93/898/135
f 93/898/135 609/897/617 631/903/619
f 632/905/620 610/906/621 92/904/134
f 92/904/134 610/906/621 607/907/133
f 611/908/622 609/897/617 94/899/387
f 94/899/387 608/901/618 611/908/622
f 612/909/623 608/901/618 96/902/281
f 97/910/290 638/911/624 96/902/281
f 96/902/281 638/911/624 612/909/623
f 92/904/134 629/912/625 632/905/620
f 629/912/625 92/904/134 631/903/619
f 608/901/618 613/913/626 611/908/622
f 612/909/623 613/913/626 608/901/618
f 612/909/623 614/914/627 613/913/626
f 612/909/623 615/915/628 614/914/627
f 624/916/629 616/917/630 617/918/631
f 626/919/632 617/918/631 616/917/630
f 618/920/633 624/916/629 617/918/631
f 628/921/634 618/920/633 625/922/635
f 625/922/635 619/923/636 628/921/634
f 620/924/637 619/923/636 623/925/638
f 619/923/636 621/926/639 623/925/638
f 621/926/639 622/927/640 623/925/638
f 624/916/629 618/920/633 628/921/634
f 621/926/639 619/923/636 625/922/635
f 626/919/632 616/917/630 614/914/627
f 614/914/627 615/915/628 626/919/632
f 614/914/627 616/917/630 627/928/641
f 627/928/641 616/917/630 624/916/629
f 624/916/629 630/929/642 627/928/641
f 624/916/629 628/921/634 630/929/642
f 613/913/626 614/914/627 611/908/622
f 611/908/622 614/914/627 627/928/641
f 628/921/634 619/923/636 620/924/637
f 623/925/638 632/905/620 620/924/637
f 620/924/637 632/905/620 629/912/625
f 620/924/637 629/912/625 628/921/634
f 631/903/619 630/929/642 628/921/634
f 628/921/634 629/912/625 631/903/619
f 611/908/622 627/928/641 630/929/642
f 630/929/642 609/897/617 611/908/622
f 609/897/617 630/929/642 631/903/619
f 632/905/620 623/925/638 622/927/640
f 622/927/640 610/906/621 632/905/620
f 634/930/284 245/931/282 633/932/643
f 245/931/282 252/933/285 639/934/644
f 639/934/644 633/932/643 245/931/282
f 634/930/284 633/932/643 641/935/645
f 635/936/288 634/930/284 643/937/646
f 643/937/646 634/930/284 641/935/645
f 636/938/289 635/936/288 654/939/647
f 654/939/647 635/936/288 643/937/646
f 97/940/290 636/938/289 638/941/624
f 638/941/624 636/938/289 654/939/647
f 252/933/285 637/942/648 640/943/649
f 639/934/644 252/933/285 640/943/649
f 637/942/648 610/944/621 622/945/640
f 641/935/645 633/932/643 642/946/650
f 633/932/643 639/934/644 642/946/650
f 641/935/645 642/946/650 644/947/651
f 652/948/652 641/935/645 644/947/651
f 643/937/646 641/935/645 652/948/652
f 644/947/651 642/946/650 645/949/653
f 647/950/654 644/947/651 645/949/653
f 645/949/653 646/951/655 647/950/654
f 646/951/655 617/952/631 647/950/654
f 647/950/654 617/952/631 626/953/632
f 617/952/631 646/951/655 618/954/633
f 646/951/655 648/955/656 618/954/633
f 651/956/657 650/957/658 649/958/659
f 650/957/658 621/959/639 649/958/659
f 621/959/639 650/957/658 622/945/640
f 637/942/648 622/945/640 650/957/658
f 651/956/657 637/942/648 650/957/658
f 640/943/649 637/942/648 651/956/657
f 648/955/656 646/951/655 645/949/653
f 642/946/650 648/955/656 645/949/653
f 618/954/633 648/955/656 625/960/635
f 648/955/656 649/958/659 625/960/635
f 625/960/635 649/958/659 621/959/639
f 652/948/652 644/947/651 647/950/654
f 652/948/652 647/950/654 626/953/632
f 648/955/656 653/961/660 649/958/659
f 649/958/659 653/961/660 651/956/657
f 653/961/660 648/955/656 642/946/650
f 651/956/657 653/961/660 640/943/649
f 615/962/628 652/948/652 626/953/632
f 652/948/652 615/962/628 654/939/647
f 643/937/646 652/948/652 654/939/647
f 640/943/649 653/961/660 639/934/644
f 653/961/660 642/946/650 639/934/644
f 638/941/624 654/939/647 615/962/628
f 607/963/133 637/942/648 252/933/285
f 637/942/648 607/963/133 610/944/621
f 638/911/624 615/915/628 612/909/623
f 693/964/661 655/965/662 696/966/663
f 655/965/662 673/967/664 680/968/665
f 680/968/665 656/969/666 655/965/662
f 657/970/667 656/969/666 680/968/665
f 657/970/667 658/971/668 659/972/669
f 656/969/666 657/970/667 659/972/669
f 658/971/668 40/973/60 659/972/669
f 659/972/669 40/973/60 46/974/61
f 655/965/662 693/964/661 673/967/664
f 673/967/664 693/964/661 699/975/670
f 664/976/671 659/972/669 46/974/61
f 46/974/61 660/977/62 664/976/671
f 664/976/671 660/977/62 661/978/672
f 660/977/62 217/979/240 661/978/672
f 661/978/672 217/979/240 668/980/673
f 661/978/672 663/981/674 662/982/675
f 668/980/673 663/981/674 661/978/672
f 664/976/671 661/978/672 662/982/675
f 656/969/666 664/976/671 662/982/675
f 664/976/671 656/969/666 659/972/669
f 655/965/662 656/969/666 662/982/675
f 696/966/663 655/965/662 662/982/675
f 606/983/616 665/984/676 217/979/240
f 217/979/240 665/984/676 668/980/673
f 663/981/674 665/984/676 667/985/677
f 668/980/673 665/984/676 663/981/674
f 666/986/678 667/985/677 665/984/676
f 606/983/616 666/986/678 665/984/676
f 218/987/241 666/986/678 606/983/616
f 666/986/678 675/988/679 667/985/677
f 666/986/678 218/987/241 669/989/680
f 669/989/680 670/990/681 671/991/682
f 674/992/683 671/991/682 672/993/684
f 672/993/684 673/967/664 674/992/683
f 674/992/683 673/967/664 699/975/670
f 667/985/677 675/988/679 674/992/683
f 667/985/677 674/992/683 700/994/685
f 700/994/685 674/992/683 699/975/670
f 675/988/679 666/986/678 669/989/680
f 674/992/683 675/988/679 671/991/682
f 675/988/679 669/989/680 671/991/682
f 218/987/241 220/995/242 669/989/680
f 669/989/680 220/995/242 670/990/681
f 220/995/242 676/996/686 670/990/681
f 676/996/686 677/997/687 670/990/681
f 677/997/687 671/991/682 670/990/681
f 673/967/664 672/993/684 678/998/688
f 671/991/682 678/998/688 672/993/684
f 671/991/682 677/997/687 678/998/688
f 679/999/689 673/967/664 678/998/688
f 673/967/664 679/999/689 680/968/665
f 679/999/689 681/1000/690 680/968/665
f 682/1001/691 680/968/665 681/1000/690
f 680/968/665 682/1001/691 657/970/667
f 658/971/668 682/1001/691 685/1002/692
f 683/1003/693 681/1000/690 679/999/689
f 658/971/668 685/1002/692 40/973/60
f 682/1001/691 658/971/668 657/970/667
f 685/1002/692 682/1001/691 684/1004/694
f 684/1004/694 682/1001/691 681/1000/690
f 684/1004/694 681/1000/690 683/1003/693
f 40/973/60 685/1002/692 407/1005/307
f 687/1006/695 684/1004/694 689/1007/696
f 690/1008/697 687/1006/695 689/1007/696
f 686/1009/698 687/1006/695 690/1008/697
f 292/1010/331 686/1009/698 690/1008/697
f 291/1011/329 686/1009/698 292/1010/331
f 291/1011/329 290/1012/328 686/1009/698
f 407/1005/307 685/1002/692 290/1012/328
f 290/1012/328 687/1006/695 686/1009/698
f 290/1012/328 685/1002/692 687/1006/695
f 687/1006/695 685/1002/692 684/1004/694
f 688/1013/699 677/997/687 676/996/686
f 684/1004/694 677/997/687 688/1013/699
f 683/1003/693 677/997/687 684/1004/694
f 683/1003/693 678/998/688 677/997/687
f 678/998/688 683/1003/693 679/999/689
f 220/995/242 299/1014/336 676/996/686
f 691/1015/700 292/1010/331 690/1008/697
f 296/1016/330 292/1010/331 691/1015/700
f 296/1016/330 691/1015/700 299/1014/336
f 676/996/686 299/1014/336 691/1015/700
f 689/1007/696 691/1015/700 690/1008/697
f 689/1007/696 688/1013/699 691/1015/700
f 688/1013/699 676/996/686 691/1015/700
f 684/1004/694 688/1013/699 689/1007/696
f 695/1017/701 692/1018/702 694/1019/703
f 695/1017/701 694/1019/703 663/1020/674
f 662/1021/675 663/1020/674 694/1019/703
f 694/1019/703 692/1018/702 662/1021/675
f 662/1021/675 692/1018/702 696/1022/663
f 692/1018/702 693/1023/661 696/1022/663
f 697/1024/704 699/1025/670 692/1018/702
f 692/1018/702 699/1025/670 693/1023/661
f 692/1018/702 695/1017/701 697/1024/704
f 695/1017/701 698/1026/705 697/1024/704
f 663/1020/674 698/1026/705 695/1017/701
f 698/1026/705 663/1020/674 667/1027/677
f 698/1026/705 667/1027/677 697/1024/704
f 697/1024/704 667/1027/677 700/1028/685
f 700/1028/685 699/1025/670 697/1024/704
usemtl Eye
f 660/888/62 42/889/63 217/890/240
f 42/889/63 45/891/64 217/890/240
f 214/892/236 215/893/238 606/894/616
f 214/892/236 606/894/616 217/895/240
f 606/894/616 215/893/238 218/896/241
